,p-value,model,latent_dimension,mask_num,county
0,0.4311999976634979,GAP,20,02,Las Vegas
1,0.6791999936103821,GAP,12,02,Las Vegas
2,0.7964000105857849,GAP,15,02,Las Vegas
3,0.0,PPCA,10,05,Las Vegas
4,0.0,GAP,10,01,Las Vegas
5,0.0,PPCA,20,03,Las Vegas
6,0.0,PPCA,15,03,Las Vegas
7,0.0,PPCA,12,03,Las Vegas
8,0.7495999932289124,GAP,10,04,Las Vegas
9,0.0,PPCA,15,01,Las Vegas
10,0.0,PPCA,12,01,Las Vegas
11,0.0,PPCA,20,04,Las Vegas
12,0.0,PPCA,12,04,Las Vegas
13,0.0,GAP,5,05,Las Vegas
14,0.0,PPCA,15,04,Las Vegas
15,0.0,GAP,5,04,Las Vegas
16,0.4544000029563904,GAP,10,03,Las Vegas
17,0.0,PPCA,20,01,Las Vegas
18,0.006399999838322401,GAP,5,01,Las Vegas
19,0.3192000091075897,GAP,20,05,Las Vegas
20,0.00039999998989515007,GAP,15,05,Las Vegas
21,0.769599974155426,GAP,5,02,Las Vegas
22,0.6340000033378601,GAP,12,05,Las Vegas
23,0.925599992275238,GAP,5,03,Las Vegas
24,0.0,PPCA,10,02,Las Vegas
25,0.7427999973297119,GAP,15,04,Las Vegas
26,0.2712000012397766,GAP,12,04,Las Vegas
27,0.9383999705314636,GAP,20,01,Las Vegas
28,0.0,PPCA,10,03,Las Vegas
29,0.0,PPCA,5,04,Las Vegas
30,0.41839998960494995,GAP,12,01,Las Vegas
31,0.04479999840259552,GAP,15,01,Las Vegas
32,0.0,PPCA,5,05,Las Vegas
33,0.4580000042915344,GAP,20,04,Las Vegas
34,0.0,PPCA,12,05,Las Vegas
35,0.0,PPCA,15,05,Las Vegas
36,0.6047999858856201,GAP,10,02,Las Vegas
37,0.0,PPCA,5,01,Las Vegas
38,0.0,PPCA,5,03,Las Vegas
39,0.0,PPCA,20,05,Las Vegas
40,0.0,PPCA,5,02,Las Vegas
41,0.0,PPCA,15,02,Las Vegas
42,0.0,PPCA,12,02,Las Vegas
43,0.0,GAP,10,05,Las Vegas
44,0.0,PPCA,20,02,Las Vegas
45,0.5920000076293945,GAP,12,03,Las Vegas
46,0.5267999768257141,GAP,15,03,Las Vegas
47,0.0,PPCA,10,04,Las Vegas
48,0.3107999861240387,GAP,20,03,Las Vegas
49,0.0,PPCA,10,01,Las Vegas
50,0.00039999998989515007,GAP,20,05,Tampa Bay
51,0.0,PPCA,10,05,Tampa Bay
52,0.0,GAP,15,05,Tampa Bay
53,0.0,PPCA,20,03,Tampa Bay
54,0.675599992275238,GAP,10,03,Tampa Bay
55,0.0,PPCA,15,03,Tampa Bay
56,0.0,PPCA,20,04,Tampa Bay
57,0.8840000033378601,GAP,10,01,Tampa Bay
58,0.0,PPCA,15,01,Tampa Bay
59,0.0,PPCA,20,01,Tampa Bay
60,0.0,GAP,10,04,Tampa Bay
61,0.0,PPCA,15,04,Tampa Bay
62,0.9807999730110168,GAP,20,02,Tampa Bay
63,0.0,PPCA,10,02,Tampa Bay
64,0.3887999951839447,GAP,15,02,Tampa Bay
65,0.0,GAP,5,05,Tampa Bay
66,0.0,PPCA,10,03,Tampa Bay
67,1.0,GAP,15,03,Tampa Bay
68,0.0,GAP,5,04,Tampa Bay
69,0.0,GAP,20,03,Tampa Bay
70,0.0,GAP,5,02,Tampa Bay
71,0.27399998903274536,GAP,10,05,Tampa Bay
72,0.0,PPCA,15,05,Tampa Bay
73,0.0,GAP,5,03,Tampa Bay
74,0.0,PPCA,20,05,Tampa Bay
75,0.0,GAP,5,01,Tampa Bay
76,0.0,GAP,10,02,Tampa Bay
77,0.0,PPCA,5,01,Tampa Bay
78,0.0,PPCA,15,02,Tampa Bay
79,0.0,PPCA,5,02,Tampa Bay
80,0.0,PPCA,20,02,Tampa Bay
81,0.0,PPCA,5,03,Tampa Bay
82,0.9959999918937683,GAP,20,01,Tampa Bay
83,0.0,PPCA,10,04,Tampa Bay
84,0.0,GAP,15,04,Tampa Bay
85,0.0,PPCA,5,05,Tampa Bay
86,0.847599983215332,GAP,20,04,Tampa Bay
87,0.0,PPCA,10,01,Tampa Bay
88,0.9628000259399414,GAP,15,01,Tampa Bay
89,0.0,PPCA,5,04,Tampa Bay
90,1.0,GAP,10,05,Green Bay
91,0.0,PPCA,10,04,Green Bay
92,0.5027999877929688,GAP,5,03,Green Bay
93,0.1080000028014183,GAP,5,02,Green Bay
94,0.0,PPCA,10,01,Green Bay
95,0.029200000688433647,GAP,5,01,Green Bay
96,0.09120000153779984,GAP,5,04,Green Bay
97,0.9904000163078308,GAP,5,05,Green Bay
98,0.7296000123023987,GAP,15,03,Green Bay
99,0.0,PPCA,15,02,Green Bay
100,0.07240000367164612,PPCA,20,02,Green Bay
101,1.0,GAP,20,03,Green Bay
102,1.0,GAP,52,03,Green Bay
103,0.030799999833106995,PPCA,52,02,Green Bay
104,1.0,GAP,20,01,Green Bay
105,0.0,PPCA,15,05,Green Bay
106,1.0,GAP,52,01,Green Bay
107,1.0,GAP,15,04,Green Bay
108,0.0,PPCA,5,05,Green Bay
109,1.0,GAP,20,04,Green Bay
110,0.0,PPCA,20,05,Green Bay
111,0.0,PPCA,52,05,Green Bay
112,1.0,GAP,15,01,Green Bay
113,0.0,PPCA,5,04,Green Bay
114,0.829200029373169,GAP,52,04,Green Bay
115,0.0,PPCA,10,03,Green Bay
116,1.0,GAP,10,02,Green Bay
117,0.5663999915122986,PPCA,5,01,Green Bay
118,0.0035000001080334187,PPCA,5,02,Green Bay
119,0.6980000138282776,PPCA,5,03,Green Bay
120,0.0,PPCA,10,02,Green Bay
121,0.996399998664856,GAP,10,03,Green Bay
122,1.0,GAP,20,05,Green Bay
123,0.0,PPCA,20,04,Green Bay
124,0.5519999861717224,PPCA,52,04,Green Bay
125,0.0,PPCA,15,01,Green Bay
126,0.9995999932289124,GAP,52,05,Green Bay
127,0.0,PPCA,20,01,Green Bay
128,0.0,PPCA,15,04,Green Bay
129,0.0,PPCA,52,01,Green Bay
130,1.0,GAP,15,05,Green Bay
131,0.0,PPCA,20,03,Green Bay
132,1.0,GAP,20,02,Green Bay
133,1.0,GAP,52,02,Green Bay
134,0.0,PPCA,52,03,Green Bay
135,0.9052000045776367,GAP,15,02,Green Bay
136,0.04520000144839287,PPCA,15,03,Green Bay
137,1.0,GAP,10,01,Green Bay
138,1.0,GAP,10,04,Green Bay
139,0.0,PPCA,10,05,Green Bay
140,0.0,GAP,20,05,Carolina
141,0.0,PPCA,20,03,Carolina
142,0.0,PPCA,15,03,Carolina
143,0.0,GAP,15,05,Carolina
144,0.0,PPCA,10,05,Carolina
145,0.0,GAP,10,03,Carolina
146,0.0,GAP,10,01,Carolina
147,0.0,GAP,10,04,Carolina
148,0.0,PPCA,10,02,Carolina
149,0.0,PPCA,15,01,Carolina
150,0.0,PPCA,20,04,Carolina
151,0.0,GAP,20,02,Carolina
152,0.0,GAP,15,02,Carolina
153,0.0,PPCA,15,04,Carolina
154,0.0,PPCA,20,01,Carolina
155,0.0,GAP,15,03,Carolina
156,0.0,PPCA,15,05,Carolina
157,0.0,GAP,5,01,Carolina
158,0.0,GAP,5,03,Carolina
159,0.0,PPCA,20,05,Carolina
160,0.0,GAP,5,02,Carolina
161,0.0,GAP,20,03,Carolina
162,0.0,GAP,10,05,Carolina
163,0.0,PPCA,10,03,Carolina
164,0.0,GAP,5,04,Carolina
165,0.0,GAP,5,05,Carolina
166,0.0,PPCA,10,04,Carolina
167,0.0,GAP,10,02,Carolina
168,0.0,PPCA,5,01,Carolina
169,0.0,PPCA,5,03,Carolina
170,0.0,PPCA,5,02,Carolina
171,0.0,PPCA,10,01,Carolina
172,0.0,PPCA,15,02,Carolina
173,0.0,GAP,15,04,Carolina
174,0.0,GAP,20,01,Carolina
175,0.0,GAP,15,01,Carolina
176,0.0,PPCA,5,04,Carolina
177,0.0,GAP,20,04,Carolina
178,0.0,PPCA,5,05,Carolina
179,0.0,PPCA,20,02,Carolina
180,1.0,GAP,20,02,Cincinnati
181,0.0,PPCA,13,03,Cincinnati
182,1.0,GAP,15,02,Cincinnati
183,0.0,PPCA,10,02,Cincinnati
184,1.0,GAP,13,05,Cincinnati
185,1.0,GAP,10,01,Cincinnati
186,0.0,PPCA,15,01,Cincinnati
187,0.0,PPCA,20,04,Cincinnati
188,0.996999979019165,GAP,10,04,Cincinnati
189,0.0,PPCA,15,04,Cincinnati
190,0.0,PPCA,20,01,Cincinnati
191,0.9994999766349792,GAP,13,02,Cincinnati
192,0.0,PPCA,20,03,Cincinnati
193,0.0,PPCA,15,03,Cincinnati
194,1.0,GAP,10,03,Cincinnati
195,1.0,GAP,20,05,Cincinnati
196,0.0,PPCA,13,04,Cincinnati
197,0.0,PPCA,10,05,Cincinnati
198,0.0,PPCA,13,01,Cincinnati
199,1.0,GAP,15,05,Cincinnati
200,1.0,GAP,20,01,Cincinnati
201,0.0,PPCA,10,04,Cincinnati
202,1.0,GAP,15,04,Cincinnati
203,0.0,PPCA,5,05,Cincinnati
204,1.0,GAP,20,04,Cincinnati
205,0.0,PPCA,10,01,Cincinnati
206,0.0,PPCA,13,05,Cincinnati
207,1.0,GAP,15,01,Cincinnati
208,0.0,PPCA,5,04,Cincinnati
209,0.0,PPCA,15,02,Cincinnati
210,0.0,PPCA,5,01,Cincinnati
211,0.9965000152587891,GAP,10,02,Cincinnati
212,1.0,GAP,13,03,Cincinnati
213,0.0,PPCA,5,02,Cincinnati
214,0.0,PPCA,20,02,Cincinnati
215,0.0,PPCA,5,03,Cincinnati
216,1.0,GAP,13,01,Cincinnati
217,0.796500027179718,GAP,10,05,Cincinnati
218,0.0,PPCA,15,05,Cincinnati
219,0.0,GAP,5,04,Cincinnati
220,0.47999998927116394,GAP,5,05,Cincinnati
221,1.0,GAP,13,04,Cincinnati
222,0.0,PPCA,20,05,Cincinnati
223,0.0,GAP,5,03,Cincinnati
224,1.0,GAP,15,03,Cincinnati
225,0.3803333342075348,GAP,5,02,Cincinnati
226,0.0,PPCA,10,03,Cincinnati
227,1.0,GAP,20,03,Cincinnati
228,0.0,GAP,5,01,Cincinnati
229,0.0,PPCA,13,02,Cincinnati
230,0.0,PPCA,7,04,NY Jets
231,0.00033333332976326346,GAP,10,01,NY Jets
232,0.0,PPCA,10,05,NY Jets
233,0.0,PPCA,7,05,NY Jets
234,0.6396666765213013,GAP,10,04,NY Jets
235,0.0,PPCA,7,03,NY Jets
236,0.27166667580604553,GAP,20,02,NY Jets
237,0.0,PPCA,7,02,NY Jets
238,0.0,PPCA,15,03,NY Jets
239,0.0,PPCA,20,03,NY Jets
240,0.0,PPCA,7,01,NY Jets
241,0.562333345413208,GAP,15,02,NY Jets
242,0.0,PPCA,20,01,NY Jets
243,0.0,GAP,20,05,NY Jets
244,0.0,PPCA,15,04,NY Jets
245,0.0,GAP,5,05,NY Jets
246,0.0,PPCA,20,04,NY Jets
247,0.009999999776482582,GAP,15,05,NY Jets
248,0.8063333630561829,GAP,5,04,NY Jets
249,0.0,PPCA,15,01,NY Jets
250,0.0,PPCA,10,02,NY Jets
251,0.0,GAP,5,01,NY Jets
252,0.8659999966621399,GAP,10,03,NY Jets
253,0.0,GAP,5,02,NY Jets
254,0.0,GAP,5,03,NY Jets
255,0.20100000500679016,GAP,10,02,NY Jets
256,0.0,PPCA,5,01,NY Jets
257,0.0,PPCA,10,03,NY Jets
258,0.0,PPCA,5,02,NY Jets
259,0.0,PPCA,5,03,NY Jets
260,0.0,GAP,20,01,NY Jets
261,0.0,PPCA,20,05,NY Jets
262,0.0,GAP,15,04,NY Jets
263,0.0,PPCA,5,05,NY Jets
264,0.18400000035762787,GAP,20,04,NY Jets
265,0.0,PPCA,5,04,NY Jets
266,0.0,PPCA,15,05,NY Jets
267,0.6859999895095825,GAP,15,01,NY Jets
268,0.0,PPCA,20,02,NY Jets
269,0.0,GAP,7,03,NY Jets
270,0.1483333259820938,GAP,7,02,NY Jets
271,0.0,GAP,15,03,NY Jets
272,0.0,GAP,20,03,NY Jets
273,0.8493333458900452,GAP,7,01,NY Jets
274,0.0,PPCA,15,02,NY Jets
275,0.0,PPCA,10,01,NY Jets
276,0.44566667079925537,GAP,7,04,NY Jets
277,0.7393333315849304,GAP,10,05,NY Jets
278,0.0,GAP,7,05,NY Jets
279,0.0,PPCA,10,04,NY Jets
280,0.0,GAP,20,03,Chicago
281,0.0,PPCA,15,05,Chicago
282,0.0,PPCA,20,05,Chicago
283,0.0,GAP,15,03,Chicago
284,0.0,PPCA,10,03,Chicago
285,0.0,GAP,10,05,Chicago
286,0.0,PPCA,5,02,Chicago
287,0.0,PPCA,5,03,Chicago
288,0.0,PPCA,10,04,Chicago
289,0.0,GAP,10,02,Chicago
290,0.0,PPCA,5,01,Chicago
291,0.0,PPCA,10,01,Chicago
292,0.0,PPCA,15,02,Chicago
293,0.0,PPCA,5,05,Chicago
294,0.0,GAP,20,04,Chicago
295,0.0,PPCA,5,04,Chicago
296,0.0,GAP,15,01,Chicago
297,0.9275000095367432,GAP,20,01,Chicago
298,0.9983999729156494,GAP,15,04,Chicago
299,0.0,PPCA,20,02,Chicago
300,0.0,GAP,5,05,Chicago
301,0.0,GAP,15,05,Chicago
302,0.0,GAP,5,04,Chicago
303,0.0,PPCA,20,03,Chicago
304,0.0,PPCA,15,03,Chicago
305,0.8604000210762024,GAP,20,05,Chicago
306,0.0,GAP,10,03,Chicago
307,0.0,GAP,5,02,Chicago
308,0.01360000018030405,GAP,5,03,Chicago
309,0.0,GAP,5,01,Chicago
310,0.0,PPCA,10,05,Chicago
311,0.9484000205993652,GAP,10,04,Chicago
312,0.0,GAP,10,01,Chicago
313,0.0,PPCA,10,02,Chicago
314,0.0,PPCA,15,01,Chicago
315,0.0,PPCA,20,04,Chicago
316,0.06440000236034393,GAP,15,02,Chicago
317,0.0,GAP,20,02,Chicago
318,0.0,PPCA,15,04,Chicago
319,0.0,PPCA,20,01,Chicago
320,0.9440000057220459,GAP,15,01,Philadelphia
321,0.0,PPCA,5,04,Philadelphia
322,0.0,GAP,5,05,Philadelphia
323,0.4560000002384186,GAP,20,04,Philadelphia
324,0.0,PPCA,5,05,Philadelphia
325,0.0,GAP,5,04,Philadelphia
326,0.0,PPCA,20,02,Philadelphia
327,0.0,PPCA,15,02,Philadelphia
328,0.5351999998092651,GAP,15,04,Philadelphia
329,0.0,GAP,20,01,Philadelphia
330,0.0,PPCA,5,03,Philadelphia
331,0.0,GAP,5,02,Philadelphia
332,0.0,PPCA,5,02,Philadelphia
333,0.0,GAP,5,03,Philadelphia
334,0.0,PPCA,10,01,Philadelphia
335,0.0,GAP,5,01,Philadelphia
336,0.0,PPCA,10,04,Philadelphia
337,0.08320000022649765,GAP,10,02,Philadelphia
338,0.0,PPCA,5,01,Philadelphia
339,1.0,GAP,10,05,Philadelphia
340,0.0,PPCA,10,03,Philadelphia
341,0.0,PPCA,20,05,Philadelphia
342,0.7911999821662903,GAP,20,03,Philadelphia
343,0.0,GAP,15,03,Philadelphia
344,0.0,PPCA,15,05,Philadelphia
345,0.4715999960899353,GAP,15,02,Philadelphia
346,0.0,PPCA,15,04,Philadelphia
347,0.0,PPCA,20,01,Philadelphia
348,0.0,PPCA,15,01,Philadelphia
349,0.0,PPCA,20,04,Philadelphia
350,0.041600000113248825,GAP,20,02,Philadelphia
351,1.0,GAP,10,04,Philadelphia
352,0.0,PPCA,10,02,Philadelphia
353,0.0,GAP,10,01,Philadelphia
354,0.0,PPCA,10,05,Philadelphia
355,0.6995999813079834,GAP,10,03,Philadelphia
356,0.0,PPCA,15,03,Philadelphia
357,0.19519999623298645,GAP,15,05,Philadelphia
358,0.7491999864578247,GAP,20,05,Philadelphia
359,0.0,PPCA,20,03,Philadelphia
360,0.0,PPCA,20,05,Denver
361,1.0,GAP,10,04,Denver
362,0.9995999932289124,GAP,10,01,Denver
363,0.0,PPCA,15,05,Denver
364,1.0,GAP,15,02,Denver
365,0.0,PPCA,10,03,Denver
366,1.0,GAP,20,02,Denver
367,0.9991999864578247,GAP,15,05,Denver
368,0.0,PPCA,10,01,Denver
369,0.9987999796867371,GAP,5,01,Denver
370,0.9571999907493591,GAP,5,03,Denver
371,0.0,PPCA,10,04,Denver
372,0.9995999932289124,GAP,20,05,Denver
373,0.9395999908447266,GAP,5,02,Denver
374,0.0,PPCA,20,02,Denver
375,1.0,GAP,10,03,Denver
376,0.8615999817848206,GAP,5,04,Denver
377,0.0,PPCA,15,02,Denver
378,0.996399998664856,GAP,5,05,Denver
379,0.0,PPCA,5,03,Denver
380,0.0,PPCA,15,03,Denver
381,0.0,PPCA,5,02,Denver
382,0.0,PPCA,20,03,Denver
383,1.0,GAP,10,02,Denver
384,0.0,PPCA,5,01,Denver
385,0.0,PPCA,5,04,Denver
386,0.0,PPCA,10,05,Denver
387,1.0,GAP,15,01,Denver
388,0.9976000189781189,GAP,20,04,Denver
389,0.0,PPCA,5,05,Denver
390,1.0,GAP,15,04,Denver
391,1.0,GAP,20,01,Denver
392,0.0,PPCA,10,02,Denver
393,1.0,GAP,20,03,Denver
394,1.0,GAP,15,03,Denver
395,0.0,PPCA,20,01,Denver
396,0.0,PPCA,15,04,Denver
397,0.0,PPCA,20,04,Denver
398,0.0020000000949949026,PPCA,15,01,Denver
399,1.0,GAP,10,05,Denver
400,0.004333333112299442,GAP,10,03,San Francisco
401,0.0,PPCA,15,03,San Francisco
402,0.0,PPCA,20,03,San Francisco
403,0.05700000002980232,GAP,15,05,San Francisco
404,0.0,PPCA,10,05,San Francisco
405,0.0,GAP,20,05,San Francisco
406,0.0,GAP,5,02,San Francisco
407,0.0,PPCA,10,02,San Francisco
408,0.0,GAP,5,03,San Francisco
409,0.0,GAP,15,02,San Francisco
410,0.0,GAP,5,01,San Francisco
411,0.0,GAP,20,02,San Francisco
412,0.0,PPCA,15,04,San Francisco
413,0.0020000000949949026,GAP,10,04,San Francisco
414,0.0,GAP,5,05,San Francisco
415,0.0,PPCA,20,01,San Francisco
416,0.0,PPCA,15,01,San Francisco
417,0.2916666567325592,GAP,10,01,San Francisco
418,0.0,PPCA,20,04,San Francisco
419,0.0,PPCA,20,05,San Francisco
420,0.0,PPCA,15,05,San Francisco
421,0.08766666799783707,GAP,10,05,San Francisco
422,1.0,GAP,20,03,San Francisco
423,0.0,PPCA,10,03,San Francisco
424,0.9993333220481873,GAP,15,03,San Francisco
425,0.0,PPCA,5,05,San Francisco
426,0.0,GAP,20,04,San Francisco
427,0.6740000247955322,GAP,15,01,San Francisco
428,0.0,PPCA,10,01,San Francisco
429,0.0,PPCA,5,04,San Francisco
430,0.0,GAP,20,01,San Francisco
431,0.6859999895095825,GAP,15,04,San Francisco
432,0.0,PPCA,10,04,San Francisco
433,0.0,PPCA,5,02,San Francisco
434,0.0,PPCA,20,02,San Francisco
435,0.0,PPCA,5,03,San Francisco
436,0.0,GAP,10,02,San Francisco
437,0.0,PPCA,15,02,San Francisco
438,0.0,PPCA,5,01,San Francisco
439,0.0,PPCA,10,02,Indianapolis
440,0.11159999668598175,GAP,10,03,Indianapolis
441,0.0,PPCA,20,04,Indianapolis
442,0.9724000096321106,GAP,20,05,Indianapolis
443,0.11266666650772095,PPCA,15,01,Indianapolis
444,0.0,PPCA,20,01,Indianapolis
445,0.9995999932289124,GAP,15,05,Indianapolis
446,0.0,PPCA,15,04,Indianapolis
447,0.0,PPCA,20,03,Indianapolis
448,1.0,GAP,20,02,Indianapolis
449,0.6827999949455261,GAP,15,02,Indianapolis
450,0.0,PPCA,15,03,Indianapolis
451,0.0,GAP,10,01,Indianapolis
452,0.0,PPCA,10,05,Indianapolis
453,0.9908000230789185,GAP,10,04,Indianapolis
454,0.0,PPCA,10,04,Indianapolis
455,0.03720000013709068,GAP,10,05,Indianapolis
456,0.0,PPCA,10,01,Indianapolis
457,0.9904000163078308,GAP,15,03,Indianapolis
458,0.5809999704360962,PPCA,15,02,Indianapolis
459,0.6643333435058594,PPCA,20,02,Indianapolis
460,0.7088000178337097,GAP,20,03,Indianapolis
461,0.0,GAP,5,01,Indianapolis
462,0.8960000276565552,GAP,15,04,Indianapolis
463,0.0,PPCA,15,05,Indianapolis
464,0.9876000285148621,GAP,20,01,Indianapolis
465,0.9783999919891357,GAP,15,01,Indianapolis
466,0.0,PPCA,5,04,Indianapolis
467,0.0,GAP,5,02,Indianapolis
468,0.0,PPCA,20,05,Indianapolis
469,0.018400000408291817,GAP,20,04,Indianapolis
470,0.0,PPCA,5,05,Indianapolis
471,0.0,GAP,5,03,Indianapolis
472,0.0,PPCA,10,03,Indianapolis
473,0.0,GAP,10,02,Indianapolis
474,0.0,PPCA,5,01,Indianapolis
475,0.0,PPCA,5,03,Indianapolis
476,0.0,GAP,5,05,Indianapolis
477,0.0,PPCA,5,02,Indianapolis
478,0.0,GAP,5,04,Indianapolis
479,0.0,PPCA,20,03,Baltimore
480,0.004999999888241291,GAP,10,01,Baltimore
481,0.08349999785423279,GAP,10,04,Baltimore
482,0.0,PPCA,15,03,Baltimore
483,0.001500000013038516,GAP,20,02,Baltimore
484,0.7176666855812073,GAP,15,02,Baltimore
485,0.0,PPCA,10,05,Baltimore
486,0.8859999775886536,GAP,20,05,Baltimore
487,0.0,GAP,5,04,Baltimore
488,0.0,PPCA,10,02,Baltimore
489,0.4166666567325592,GAP,15,05,Baltimore
490,0.007000000216066837,GAP,5,05,Baltimore
491,0.0,PPCA,20,04,Baltimore
492,0.0,GAP,5,01,Baltimore
493,0.0,PPCA,15,01,Baltimore
494,0.5016666650772095,GAP,5,03,Baltimore
495,0.0,PPCA,20,01,Baltimore
496,0.0,PPCA,15,04,Baltimore
497,0.0,GAP,5,02,Baltimore
498,0.925000011920929,GAP,10,03,Baltimore
499,0.0,PPCA,15,05,Baltimore
500,0.0,PPCA,5,01,Baltimore
501,0.9693333506584167,GAP,10,02,Baltimore
502,0.0,PPCA,5,03,Baltimore
503,0.0,PPCA,20,05,Baltimore
504,0.0,PPCA,5,02,Baltimore
505,0.0,PPCA,10,03,Baltimore
506,0.984666645526886,GAP,15,04,Baltimore
507,0.9829999804496765,GAP,20,01,Baltimore
508,0.0689999982714653,GAP,15,01,Baltimore
509,0.0,PPCA,5,04,Baltimore
510,0.0,GAP,20,04,Baltimore
511,0.0,PPCA,5,05,Baltimore
512,0.7049999833106995,GAP,15,03,Baltimore
513,0.0,PPCA,10,04,Baltimore
514,0.0,PPCA,10,01,Baltimore
515,0.010999999940395355,GAP,20,03,Baltimore
516,0.0,GAP,10,05,Baltimore
517,0.0,PPCA,15,02,Baltimore
518,0.0,PPCA,20,02,Baltimore
519,0.0,PPCA,1,02,Cleveland
520,0.0,PPCA,15,01,Cleveland
521,0.0,GAP,1,04,Cleveland
522,0.0,PPCA,12,01,Cleveland
523,1.0,GAP,10,03,Cleveland
524,0.0,PPCA,20,04,Cleveland
525,0.0,GAP,1,05,Cleveland
526,0.0,PPCA,12,04,Cleveland
527,0.0,PPCA,15,04,Cleveland
528,0.0,PPCA,1,01,Cleveland
529,0.0,PPCA,20,01,Cleveland
530,0.0,PPCA,1,05,Cleveland
531,0.0,GAP,1,03,Cleveland
532,0.906000018119812,GAP,12,05,Cleveland
533,0.0,GAP,1,02,Cleveland
534,1.0,GAP,15,05,Cleveland
535,1.0,GAP,20,05,Cleveland
536,0.0,GAP,1,01,Cleveland
537,0.0,PPCA,10,02,Cleveland
538,0.8184999823570251,GAP,15,02,Cleveland
539,0.3199999928474426,GAP,12,02,Cleveland
540,1.0,GAP,20,02,Cleveland
541,0.0,PPCA,10,05,Cleveland
542,1.0,GAP,10,04,Cleveland
543,0.0,PPCA,20,03,Cleveland
544,0.0,PPCA,15,03,Cleveland
545,0.0,PPCA,12,03,Cleveland
546,0.9610000252723694,GAP,10,01,Cleveland
547,0.0,PPCA,15,02,Cleveland
548,0.0,PPCA,12,02,Cleveland
549,1.0,GAP,10,05,Cleveland
550,0.0,PPCA,20,02,Cleveland
551,1.0,GAP,20,03,Cleveland
552,0.0,PPCA,10,04,Cleveland
553,0.9359999895095825,GAP,15,03,Cleveland
554,0.9645000100135803,GAP,12,03,Cleveland
555,0.0,PPCA,10,01,Cleveland
556,0.9884999990463257,GAP,20,04,Cleveland
557,0.0,PPCA,5,05,Cleveland
558,0.0,GAP,5,03,Cleveland
559,0.012000000104308128,GAP,5,02,Cleveland
560,0.9934999942779541,GAP,15,01,Cleveland
561,0.968999981880188,GAP,12,01,Cleveland
562,0.0,PPCA,10,03,Cleveland
563,0.0,PPCA,5,04,Cleveland
564,1.0,GAP,20,01,Cleveland
565,0.9800000190734863,GAP,12,04,Cleveland
566,0.8080000281333923,GAP,5,01,Cleveland
567,0.9984999895095825,GAP,15,04,Cleveland
568,0.0,PPCA,12,05,Cleveland
569,0.0,PPCA,5,02,Cleveland
570,0.0,PPCA,15,05,Cleveland
571,0.39933332800865173,GAP,5,04,Cleveland
572,0.0,GAP,5,05,Cleveland
573,0.0,PPCA,5,03,Cleveland
574,0.0,PPCA,5,01,Cleveland
575,0.981333315372467,GAP,10,02,Cleveland
576,0.0,PPCA,20,05,Cleveland
577,0.0,GAP,15,03,Dallas
578,0.868399977684021,GAP,37,01,Dallas
579,0.0,PPCA,10,05,Dallas
580,1.0,GAP,37,04,Dallas
581,0.2879999876022339,GAP,20,03,Dallas
582,0.0,PPCA,20,03,Dallas
583,0.0,PPCA,37,04,Dallas
584,0.0,GAP,10,05,Dallas
585,0.0,PPCA,37,01,Dallas
586,0.0,PPCA,15,03,Dallas
587,0.0,PPCA,20,04,Dallas
588,0.0,PPCA,37,03,Dallas
589,0.0,PPCA,5,01,Dallas
590,0.0,GAP,10,02,Dallas
591,0.0,PPCA,15,01,Dallas
592,0.0,PPCA,20,01,Dallas
593,0.0,PPCA,5,03,Dallas
594,0.0,PPCA,15,04,Dallas
595,0.0,PPCA,5,02,Dallas
596,0.0,GAP,15,04,Dallas
597,0.2612000107765198,GAP,20,01,Dallas
598,0.0,PPCA,10,02,Dallas
599,0.0,PPCA,5,04,Dallas
600,0.0,GAP,15,01,Dallas
601,0.996399998664856,GAP,37,03,Dallas
602,0.0,PPCA,5,05,Dallas
603,0.0,GAP,20,04,Dallas
604,0.0,PPCA,10,03,Dallas
605,0.007199999876320362,GAP,37,02,Dallas
606,0.9276000261306763,GAP,20,05,Dallas
607,0.0,GAP,15,05,Dallas
608,0.0,PPCA,15,05,Dallas
609,0.0,PPCA,20,05,Dallas
610,0.0,PPCA,37,02,Dallas
611,0.0,GAP,10,03,Dallas
612,0.0,GAP,5,02,Dallas
613,0.0,GAP,10,01,Dallas
614,0.0,PPCA,15,02,Dallas
615,0.0,GAP,5,03,Dallas
616,0.0,PPCA,20,02,Dallas
617,0.0,PPCA,37,05,Dallas
618,0.0,GAP,5,01,Dallas
619,0.0,GAP,10,04,Dallas
620,0.0,GAP,5,05,Dallas
621,0.0,PPCA,10,04,Dallas
622,0.28049999475479126,GAP,37,05,Dallas
623,0.0,GAP,20,02,Dallas
624,0.0,GAP,5,04,Dallas
625,0.0,PPCA,10,01,Dallas
626,0.0,GAP,15,02,Dallas
627,0.0,PPCA,15,02,Tennessee
628,0.44200000166893005,GAP,15,03,Tennessee
629,0.008799999952316284,GAP,20,03,Tennessee
630,0.0,PPCA,20,02,Tennessee
631,0.9643999934196472,GAP,13,01,Tennessee
632,0.46799999475479126,GAP,10,05,Tennessee
633,0.0,PPCA,10,04,Tennessee
634,0.004399999976158142,GAP,13,04,Tennessee
635,0.0,PPCA,10,01,Tennessee
636,0.0,PPCA,13,05,Tennessee
637,0.0020000000949949026,GAP,10,02,Tennessee
638,0.0,PPCA,5,01,Tennessee
639,0.0,PPCA,10,03,Tennessee
640,0.23319999873638153,GAP,13,03,Tennessee
641,0.0,PPCA,5,02,Tennessee
642,0.0,PPCA,13,02,Tennessee
643,0.0,PPCA,5,03,Tennessee
644,0.0,GAP,20,01,Tennessee
645,0.0,PPCA,15,05,Tennessee
646,0.012400000356137753,GAP,15,04,Tennessee
647,0.22200000286102295,GAP,20,04,Tennessee
648,0.0,PPCA,5,05,Tennessee
649,0.0,GAP,15,01,Tennessee
650,0.0,PPCA,20,05,Tennessee
651,0.0,PPCA,5,04,Tennessee
652,0.15039999783039093,GAP,20,05,Tennessee
653,0.0,PPCA,15,01,Tennessee
654,0.0,PPCA,20,04,Tennessee
655,0.0,PPCA,15,04,Tennessee
656,0.0,GAP,15,05,Tennessee
657,0.0,PPCA,20,01,Tennessee
658,0.014800000004470348,GAP,13,02,Tennessee
659,0.0,PPCA,13,03,Tennessee
660,0.41519999504089355,GAP,10,03,Tennessee
661,0.0,PPCA,10,02,Tennessee
662,0.0,GAP,13,05,Tennessee
663,0.9527999758720398,GAP,10,01,Tennessee
664,0.0,GAP,5,02,Tennessee
665,0.0,GAP,5,03,Tennessee
666,0.0,PPCA,13,04,Tennessee
667,0.0,GAP,5,01,Tennessee
668,0.002400000113993883,GAP,10,04,Tennessee
669,0.0,PPCA,10,05,Tennessee
670,0.0,PPCA,13,01,Tennessee
671,0.0,GAP,5,05,Tennessee
672,0.19840000569820404,GAP,20,02,Tennessee
673,0.0,GAP,5,04,Tennessee
674,0.0,PPCA,20,03,Tennessee
675,0.0,PPCA,15,03,Tennessee
676,0.9028000235557556,GAP,15,02,Tennessee
677,0.0,PPCA,10,05,New Orleans
678,0.0,GAP,10,03,New Orleans
679,0.9776666760444641,GAP,20,05,New Orleans
680,0.0,GAP,18,04,New Orleans
681,0.0,PPCA,15,03,New Orleans
682,0.14920000731945038,GAP,18,01,New Orleans
683,0.0,PPCA,20,03,New Orleans
684,1.0,GAP,15,05,New Orleans
685,0.0,PPCA,18,02,New Orleans
686,0.0,PPCA,15,04,New Orleans
687,0.05040000006556511,GAP,18,03,New Orleans
688,0.9240000247955322,GAP,20,02,New Orleans
689,0.014399999752640724,GAP,5,05,New Orleans
690,0.0,PPCA,20,01,New Orleans
691,0.15160000324249268,GAP,5,04,New Orleans
692,0.0,PPCA,15,01,New Orleans
693,0.0,PPCA,18,05,New Orleans
694,0.9700000286102295,GAP,15,02,New Orleans
695,0.0,PPCA,20,04,New Orleans
696,1.0,GAP,10,01,New Orleans
697,0.00039999998989515007,GAP,5,02,New Orleans
698,0.0,PPCA,10,02,New Orleans
699,0.002400000113993883,GAP,5,03,New Orleans
700,0.0,GAP,5,01,New Orleans
701,0.9449999928474426,GAP,10,04,New Orleans
702,1.0,GAP,10,05,New Orleans
703,0.0,PPCA,10,03,New Orleans
704,0.0,PPCA,18,04,New Orleans
705,0.0,GAP,15,03,New Orleans
706,0.0,PPCA,20,05,New Orleans
707,0.0,PPCA,15,05,New Orleans
708,0.9175999760627747,GAP,18,02,New Orleans
709,0.4480000138282776,GAP,20,03,New Orleans
710,0.0,PPCA,18,01,New Orleans
711,0.0,GAP,20,01,New Orleans
712,0.0,PPCA,20,02,New Orleans
713,0.9986666440963745,GAP,15,04,New Orleans
714,0.0,PPCA,18,03,New Orleans
715,0.878000020980835,GAP,20,04,New Orleans
716,0.0,PPCA,5,05,New Orleans
717,0.007000000216066837,GAP,18,05,New Orleans
718,0.0,PPCA,15,02,New Orleans
719,0.0,GAP,15,01,New Orleans
720,0.0,PPCA,5,04,New Orleans
721,0.4887999892234802,GAP,10,02,New Orleans
722,0.0,PPCA,5,01,New Orleans
723,0.0,PPCA,10,01,New Orleans
724,0.0,PPCA,5,02,New Orleans
725,0.0,PPCA,5,03,New Orleans
726,0.0,PPCA,10,04,New Orleans
727,0.0,PPCA,12,02,Jacksonville
728,0.0,PPCA,15,02,Jacksonville
729,0.0,GAP,12,05,Jacksonville
730,0.19280000030994415,GAP,15,05,Jacksonville
731,0.05640000104904175,GAP,20,05,Jacksonville
732,0.0,PPCA,20,02,Jacksonville
733,0.0,GAP,10,03,Jacksonville
734,0.0,PPCA,10,04,Jacksonville
735,0.0,PPCA,10,01,Jacksonville
736,0.0,GAP,10,04,Jacksonville
737,0.0,PPCA,10,03,Jacksonville
738,0.09679999947547913,GAP,10,01,Jacksonville
739,0.0,PPCA,15,05,Jacksonville
740,0.0,PPCA,12,05,Jacksonville
741,0.01600000075995922,GAP,15,02,Jacksonville
742,0.32679998874664307,GAP,12,02,Jacksonville
743,0.0,GAP,20,02,Jacksonville
744,0.0,PPCA,20,05,Jacksonville
745,0.0,PPCA,12,01,Jacksonville
746,0.0,PPCA,15,01,Jacksonville
747,0.005200000014156103,GAP,20,03,Jacksonville
748,0.0,GAP,5,05,Jacksonville
749,0.0,GAP,5,04,Jacksonville
750,0.0,PPCA,20,04,Jacksonville
751,0.0,PPCA,15,04,Jacksonville
752,0.0,PPCA,12,04,Jacksonville
753,0.0,PPCA,20,01,Jacksonville
754,0.0,GAP,15,03,Jacksonville
755,0.188400000333786,GAP,12,03,Jacksonville
756,0.0,GAP,5,02,Jacksonville
757,0.0,GAP,5,03,Jacksonville
758,0.0,GAP,10,05,Jacksonville
759,0.0,GAP,5,01,Jacksonville
760,0.0,PPCA,10,02,Jacksonville
761,0.0,PPCA,5,02,Jacksonville
762,0.0,PPCA,5,03,Jacksonville
763,0.0,PPCA,5,01,Jacksonville
764,0.0031999999191612005,GAP,10,02,Jacksonville
765,0.0,PPCA,10,05,Jacksonville
766,0.0,PPCA,5,05,Jacksonville
767,0.7671999931335449,GAP,20,04,Jacksonville
768,0.0,PPCA,20,03,Jacksonville
769,0.3555999994277954,GAP,15,01,Jacksonville
770,0.0,GAP,12,01,Jacksonville
771,0.0,PPCA,5,04,Jacksonville
772,0.0,PPCA,12,03,Jacksonville
773,0.0,PPCA,15,03,Jacksonville
774,0.12720000743865967,GAP,20,01,Jacksonville
775,0.0,GAP,12,04,Jacksonville
776,0.1128000020980835,GAP,15,04,Jacksonville
777,0.0,PPCA,15,05,Seattle
778,0.9953333139419556,GAP,20,02,Seattle
779,0.0,GAP,15,02,Seattle
780,0.0,PPCA,20,05,Seattle
781,0.0,PPCA,10,03,Seattle
782,0.8603333234786987,GAP,10,01,Seattle
783,0.32600000500679016,GAP,14,05,Seattle
784,0.0,PPCA,14,02,Seattle
785,0.9633333086967468,GAP,10,04,Seattle
786,0.9940000176429749,GAP,14,02,Seattle
787,0.0,PPCA,10,04,Seattle
788,0.0,PPCA,10,01,Seattle
789,0.9950000047683716,GAP,10,03,Seattle
790,0.0,PPCA,14,05,Seattle
791,0.0,PPCA,15,02,Seattle
792,0.03849999979138374,GAP,20,05,Seattle
793,0.0,GAP,15,05,Seattle
794,0.0,PPCA,20,02,Seattle
795,0.0,GAP,15,04,Seattle
796,0.0,PPCA,20,03,Seattle
797,0.8776666522026062,GAP,20,01,Seattle
798,0.024000000208616257,GAP,5,04,Seattle
799,0.0,PPCA,5,04,Seattle
800,0.0,PPCA,15,03,Seattle
801,0.14900000393390656,GAP,15,01,Seattle
802,0.0,PPCA,5,05,Seattle
803,0.1913333386182785,GAP,5,05,Seattle
804,0.9623333215713501,GAP,20,04,Seattle
805,0.03233333304524422,GAP,5,01,Seattle
806,0.0,PPCA,5,01,Seattle
807,0.0,GAP,10,02,Seattle
808,0.0,PPCA,14,04,Seattle
809,0.0,PPCA,5,03,Seattle
810,0.0,GAP,5,03,Seattle
811,0.0,PPCA,14,01,Seattle
812,0.9993333220481873,GAP,14,03,Seattle
813,0.06533333659172058,GAP,5,02,Seattle
814,0.0,PPCA,10,05,Seattle
815,0.0,PPCA,5,02,Seattle
816,0.0,PPCA,14,03,Seattle
817,0.25099998712539673,GAP,14,01,Seattle
818,0.0364999994635582,GAP,10,05,Seattle
819,0.0,PPCA,10,02,Seattle
820,0.9946666955947876,GAP,14,04,Seattle
821,0.0,PPCA,15,01,Seattle
822,0.9559999704360962,GAP,15,03,Seattle
823,0.0,PPCA,20,04,Seattle
824,0.0,PPCA,15,04,Seattle
825,0.0,PPCA,20,01,Seattle
826,0.006000000052154064,GAP,20,03,Seattle
827,0.0,GAP,5,01,Buffalo
828,0.0,GAP,10,02,Buffalo
829,0.0,GAP,25,02,Buffalo
830,0.0,GAP,5,02,Buffalo
831,0.0,GAP,5,03,Buffalo
832,0.0,GAP,20,01,Buffalo
833,0.0,GAP,15,01,Buffalo
834,0.0,GAP,15,03,Buffalo
835,0.0,GAP,20,03,Buffalo
836,0.0,GAP,10,01,Buffalo
837,0.0,GAP,25,01,Buffalo
838,0.0,GAP,20,02,Buffalo
839,0.0,GAP,15,02,Buffalo
840,0.0,GAP,25,03,Buffalo
841,0.0,GAP,10,03,Buffalo
842,0.0,GAP,10,04,Carolina
843,0.0,GAP,20,02,Carolina
844,0.0,GAP,15,02,Carolina
845,0.0,GAP,10,01,Carolina
846,0.0,GAP,15,02,Carolina
847,0.0,GAP,10,01,Carolina
848,0.0,GAP,10,04,Carolina
849,0.0,GAP,20,02,Carolina
850,0.0,GAP,15,05,Carolina
851,0.0,GAP,5,01,Carolina
852,0.0,GAP,5,03,Carolina
853,0.0,GAP,20,05,Carolina
854,0.0,GAP,5,02,Carolina
855,0.0,GAP,10,03,Carolina
856,0.0,GAP,20,05,Carolina
857,0.0,GAP,10,03,Carolina
858,0.0,GAP,5,04,Carolina
859,0.0,GAP,15,05,Carolina
860,0.0,GAP,5,05,Carolina
861,0.0,GAP,15,04,Carolina
862,0.0,GAP,20,01,Carolina
863,0.0,GAP,15,01,Carolina
864,0.0,GAP,5,05,Carolina
865,0.0,GAP,5,04,Carolina
866,0.0,GAP,20,04,Carolina
867,0.0,GAP,10,02,Carolina
868,0.0,GAP,15,01,Carolina
869,0.0,GAP,5,01,Carolina
870,0.0,GAP,20,04,Carolina
871,0.0,GAP,10,02,Carolina
872,0.0,GAP,15,04,Carolina
873,0.0,GAP,5,02,Carolina
874,0.0,GAP,5,03,Carolina
875,0.0,GAP,20,01,Carolina
876,0.0,GAP,10,05,Carolina
877,0.0,GAP,20,03,Carolina
878,0.0,GAP,15,03,Carolina
879,0.0,GAP,15,03,Carolina
880,0.0,GAP,10,05,Carolina
881,0.0,GAP,20,03,Carolina
882,0.0,GAP,20,02,LA Rams
883,0.0,GAP,25,01,LA Rams
884,0.0,GAP,30,02,LA Rams
885,0.0,GAP,20,01,LA Rams
886,0.0,GAP,25,02,LA Rams
887,0.0,GAP,30,01,LA Rams
888,0.0,GAP,8,05,Miami
889,0.0,GAP,20,01,Miami
890,0.0,GAP,12,04,Miami
891,0.0,GAP,8,04,Miami
892,0.0,GAP,15,04,Miami
893,0.0,GAP,10,05,Miami
894,0.0,GAP,20,04,Miami
895,0.0,GAP,15,01,Miami
896,0.0,GAP,11,05,Miami
897,0.0,GAP,8,02,Miami
898,0.0,GAP,20,03,Miami
899,0.0,GAP,10,02,Miami
900,0.0,GAP,11,02,Miami
901,0.0,GAP,8,03,Miami
902,0.0,GAP,8,01,Miami
903,0.0,GAP,15,03,Miami
904,0.0,GAP,12,03,Miami
905,0.0,GAP,8,01,Miami
906,0.0,GAP,10,05,Miami
907,0.0,GAP,20,04,Miami
908,0.0,GAP,15,01,Miami
909,0.0,GAP,12,01,Miami
910,0.0,GAP,11,05,Miami
911,0.0,GAP,8,02,Miami
912,0.0,GAP,20,01,Miami
913,0.0,GAP,12,04,Miami
914,0.0,GAP,8,03,Miami
915,0.0,GAP,15,04,Miami
916,0.0,GAP,15,03,Miami
917,0.0,GAP,20,03,Miami
918,0.0,GAP,8,05,Miami
919,0.0,GAP,10,02,Miami
920,0.0,GAP,8,04,Miami
921,0.0,GAP,20,02,Miami
922,0.0,GAP,10,03,Miami
923,0.0,GAP,5,04,Miami
924,0.0,GAP,15,02,Miami
925,0.0,GAP,5,05,Miami
926,0.0,GAP,10,01,Miami
927,0.0,GAP,5,01,Miami
928,0.0,GAP,12,05,Miami
929,0.0,GAP,11,01,Miami
930,0.0,GAP,15,05,Miami
931,0.0,GAP,10,04,Miami
932,0.0,GAP,20,05,Miami
933,0.0,GAP,5,03,Miami
934,0.0,GAP,11,04,Miami
935,0.0,GAP,5,02,Miami
936,0.0,GAP,5,03,Miami
937,0.0,GAP,5,02,Miami
938,0.0,GAP,15,02,Miami
939,0.0,GAP,12,02,Miami
940,0.0,GAP,20,02,Miami
941,0.0,GAP,10,03,Miami
942,0.0,GAP,11,03,Miami
943,0.0,GAP,5,01,Miami
944,0.0,GAP,10,04,Miami
945,0.0,GAP,20,05,Miami
946,0.0,GAP,5,04,Miami
947,0.0,GAP,5,05,Miami
948,0.0,GAP,11,04,Miami
949,0.0,GAP,10,01,Miami
950,0.0,GAP,12,05,Miami
951,0.0,GAP,15,05,Miami
952,0.0006666666595265269,GAP,5,02,NY Giants
953,0.017500000074505806,GAP,5,03,NY Giants
954,0.0,PPCA,7,01,NY Giants
955,0.006500000134110451,GAP,15,02,NY Giants
956,0.0,PPCA,10,01,NY Giants
957,0.0,GAP,20,02,NY Giants
958,0.0,PPCA,7,03,NY Giants
959,0.16966666281223297,GAP,5,01,NY Giants
960,0.0,PPCA,10,04,NY Giants
961,0.0,PPCA,7,02,NY Giants
962,0.49033331871032715,GAP,10,04,NY Giants
963,0.0,GAP,5,05,NY Giants
964,0.0,GAP,5,04,NY Giants
965,0.0,PPCA,20,02,NY Giants
966,0.9443333148956299,GAP,10,01,NY Giants
967,0.0,PPCA,7,04,NY Giants
968,0.0,PPCA,15,02,NY Giants
969,0.0,PPCA,7,05,NY Giants
970,0.6700000166893005,GAP,10,03,NY Giants
971,0.0,PPCA,20,05,NY Giants
972,0.0,PPCA,15,05,NY Giants
973,0.0,GAP,15,05,NY Giants
974,0.0,GAP,20,05,NY Giants
975,0.0,PPCA,10,03,NY Giants
976,0.4320000112056732,GAP,20,04,NY Giants
977,0.0,PPCA,5,05,NY Giants
978,0.0,PPCA,5,04,NY Giants
979,0.0,PPCA,10,02,NY Giants
980,0.0,GAP,15,01,NY Giants
981,0.0,GAP,7,04,NY Giants
982,0.0,GAP,20,01,NY Giants
983,0.0,GAP,15,04,NY Giants
984,0.13050000369548798,GAP,7,05,NY Giants
985,0.0,PPCA,15,04,NY Giants
986,0.0,PPCA,5,02,NY Giants
987,0.0,PPCA,5,03,NY Giants
988,0.5080000162124634,GAP,7,01,NY Giants
989,0.0,PPCA,20,01,NY Giants
990,0.8993333578109741,GAP,7,03,NY Giants
991,0.0,PPCA,15,01,NY Giants
992,0.0,PPCA,5,01,NY Giants
993,0.001500000013038516,GAP,10,02,NY Giants
994,0.0,PPCA,20,04,NY Giants
995,0.8769999742507935,GAP,7,02,NY Giants
996,0.0,PPCA,15,03,NY Giants
997,0.4606666564941406,GAP,10,05,NY Giants
998,0.0,PPCA,20,03,NY Giants
999,0.21549999713897705,GAP,20,03,NY Giants
1000,0.0,PPCA,10,05,NY Giants
1001,0.5879999995231628,GAP,15,03,NY Giants
1002,1.0,GAP,11,05,Kansas City
1003,0.0,PPCA,5,04,Kansas City
1004,1.0,GAP,15,01,Kansas City
1005,0.0,PPCA,10,03,Kansas City
1006,0.0,PPCA,5,05,Kansas City
1007,1.0,GAP,20,04,Kansas City
1008,1.0,GAP,15,04,Kansas City
1009,0.9456666707992554,GAP,20,01,Kansas City
1010,0.0,PPCA,5,03,Kansas City
1011,0.0,PPCA,15,05,Kansas City
1012,0.0,PPCA,11,01,Kansas City
1013,0.0,PPCA,5,02,Kansas City
1014,0.0,PPCA,11,04,Kansas City
1015,0.006000000052154064,PPCA,5,01,Kansas City
1016,0.0,PPCA,20,05,Kansas City
1017,0.0,PPCA,15,02,Kansas City
1018,0.7173333168029785,GAP,5,03,Kansas City
1019,0.0,PPCA,11,03,Kansas City
1020,0.0,PPCA,20,02,Kansas City
1021,0.3153333365917206,GAP,5,02,Kansas City
1022,1.0,GAP,10,05,Kansas City
1023,1.0,GAP,11,02,Kansas City
1024,0.0,PPCA,10,04,Kansas City
1025,0.9549999833106995,GAP,5,04,Kansas City
1026,0.0,PPCA,10,01,Kansas City
1027,0.32600000500679016,GAP,5,05,Kansas City
1028,1.0,GAP,11,03,Kansas City
1029,0.0,PPCA,10,05,Kansas City
1030,0.0,PPCA,11,02,Kansas City
1031,0.0,PPCA,20,03,Kansas City
1032,1.0,GAP,10,04,Kansas City
1033,0.0,PPCA,15,03,Kansas City
1034,1.0,GAP,10,01,Kansas City
1035,0.0,PPCA,11,05,Kansas City
1036,0.0,PPCA,15,01,Kansas City
1037,1.0,GAP,10,03,Kansas City
1038,0.0,PPCA,20,04,Kansas City
1039,0.0,PPCA,15,04,Kansas City
1040,0.0,PPCA,20,01,Kansas City
1041,1.0,GAP,15,05,Kansas City
1042,1.0,GAP,11,01,Kansas City
1043,0.8500000238418579,GAP,11,04,Kansas City
1044,0.0,PPCA,10,02,Kansas City
1045,1.0,GAP,20,05,Kansas City
1046,0.0,GAP,15,01,Houston
1047,0.0,PPCA,5,04,Houston
1048,0.0,GAP,12,01,Houston
1049,0.0,PPCA,12,05,Houston
1050,0.0,GAP,20,04,Houston
1051,0.0,PPCA,5,05,Houston
1052,0.0,PPCA,15,05,Houston
1053,0.0,GAP,12,04,Houston
1054,0.0,PPCA,20,05,Houston
1055,0.0,GAP,15,04,Houston
1056,0.0,GAP,20,01,Houston
1057,0.0,PPCA,5,03,Houston
1058,0.0,PPCA,10,03,Houston
1059,0.0,PPCA,5,02,Houston
1060,0.0,GAP,10,02,Houston
1061,0.0,PPCA,5,01,Houston
1062,0.0,PPCA,10,04,Houston
1063,0.0,PPCA,10,01,Houston
1064,0.0,GAP,10,05,Houston
1065,0.0,PPCA,15,02,Houston
1066,0.0,PPCA,12,02,Houston
1067,0.0,GAP,20,03,Houston
1068,0.0,GAP,15,03,Houston
1069,0.0,GAP,12,03,Houston
1070,0.0,PPCA,20,02,Houston
1071,0.0,GAP,15,02,Houston
1072,0.0,PPCA,20,03,Houston
1073,0.0,GAP,12,02,Houston
1074,0.0,GAP,5,05,Houston
1075,0.0,GAP,5,04,Houston
1076,0.0,PPCA,15,03,Houston
1077,0.0,GAP,20,02,Houston
1078,0.0,PPCA,12,03,Houston
1079,0.0,GAP,5,02,Houston
1080,0.0,GAP,5,03,Houston
1081,0.0,GAP,10,04,Houston
1082,0.0,PPCA,10,05,Houston
1083,0.0,GAP,5,01,Houston
1084,0.0,GAP,10,01,Houston
1085,0.0,GAP,10,03,Houston
1086,0.0,PPCA,10,02,Houston
1087,0.0,PPCA,20,04,Houston
1088,0.0,GAP,12,05,Houston
1089,0.0,GAP,15,05,Houston
1090,0.0,PPCA,15,01,Houston
1091,0.0,PPCA,12,01,Houston
1092,0.0,PPCA,20,01,Houston
1093,0.0,GAP,20,05,Houston
1094,0.0,PPCA,12,04,Houston
1095,0.0,PPCA,15,04,Houston
1096,1.0,GAP,10,01,Minnesota
1097,0.0,PPCA,10,03,Minnesota
1098,1.0,GAP,10,04,Minnesota
1099,1.0,GAP,20,02,Minnesota
1100,0.0,PPCA,20,05,Minnesota
1101,0.0,PPCA,15,05,Minnesota
1102,1.0,GAP,15,02,Minnesota
1103,0.0,PPCA,20,02,Minnesota
1104,0.12160000205039978,GAP,5,04,Minnesota
1105,1.0,GAP,20,05,Minnesota
1106,0.23960000276565552,GAP,5,05,Minnesota
1107,1.0,GAP,15,05,Minnesota
1108,0.0,PPCA,15,02,Minnesota
1109,0.0,PPCA,10,01,Minnesota
1110,0.8532000184059143,GAP,5,03,Minnesota
1111,0.0,GAP,5,02,Minnesota
1112,1.0,GAP,10,03,Minnesota
1113,0.0,PPCA,10,04,Minnesota
1114,0.5108000040054321,GAP,5,01,Minnesota
1115,0.9883999824523926,GAP,10,02,Minnesota
1116,0.0,PPCA,5,01,Minnesota
1117,0.0,PPCA,10,05,Minnesota
1118,0.004999999888241291,PPCA,5,02,Minnesota
1119,0.0,PPCA,5,03,Minnesota
1120,1.0,GAP,20,01,Minnesota
1121,0.9883999824523926,GAP,15,04,Minnesota
1122,0.0,PPCA,15,03,Minnesota
1123,0.0,PPCA,20,03,Minnesota
1124,0.0,PPCA,5,05,Minnesota
1125,1.0,GAP,20,04,Minnesota
1126,0.0,PPCA,5,04,Minnesota
1127,1.0,GAP,15,01,Minnesota
1128,0.0,PPCA,20,01,Minnesota
1129,0.0,PPCA,15,04,Minnesota
1130,0.9675999879837036,GAP,15,03,Minnesota
1131,1.0,GAP,20,03,Minnesota
1132,0.0,PPCA,20,04,Minnesota
1133,0.0005000000237487257,PPCA,15,01,Minnesota
1134,0.18050000071525574,PPCA,10,02,Minnesota
1135,0.991599977016449,GAP,10,05,Minnesota
1136,1.0,GAP,10,02,Pittsburgh
1137,0.0,PPCA,5,01,Pittsburgh
1138,0.0,PPCA,10,02,Pittsburgh
1139,0.0,PPCA,5,03,Pittsburgh
1140,1.0,GAP,25,02,Pittsburgh
1141,0.0005000000237487257,PPCA,25,02,Pittsburgh
1142,0.0,PPCA,5,02,Pittsburgh
1143,1.0,GAP,15,04,Pittsburgh
1144,0.0,PPCA,15,04,Pittsburgh
1145,0.9816666841506958,GAP,20,01,Pittsburgh
1146,0.0,PPCA,20,01,Pittsburgh
1147,0.0,PPCA,5,04,Pittsburgh
1148,1.0,GAP,15,01,Pittsburgh
1149,0.0,PPCA,15,01,Pittsburgh
1150,1.0,GAP,20,04,Pittsburgh
1151,0.0,PPCA,5,05,Pittsburgh
1152,0.0,PPCA,20,04,Pittsburgh
1153,0.0,PPCA,15,03,Pittsburgh
1154,1.0,GAP,15,03,Pittsburgh
1155,0.0,PPCA,20,03,Pittsburgh
1156,1.0,GAP,20,03,Pittsburgh
1157,0.0,PPCA,10,05,Pittsburgh
1158,0.5394999980926514,GAP,10,05,Pittsburgh
1159,0.0,PPCA,25,05,Pittsburgh
1160,0.996666669845581,GAP,25,05,Pittsburgh
1161,0.0,PPCA,25,04,Pittsburgh
1162,1.0,GAP,25,04,Pittsburgh
1163,0.0,PPCA,10,01,Pittsburgh
1164,0.781499981880188,GAP,10,01,Pittsburgh
1165,0.0,PPCA,25,01,Pittsburgh
1166,1.0,GAP,25,01,Pittsburgh
1167,0.0,PPCA,10,04,Pittsburgh
1168,1.0,GAP,10,04,Pittsburgh
1169,0.0,PPCA,20,02,Pittsburgh
1170,1.0,GAP,20,02,Pittsburgh
1171,0.0,PPCA,15,02,Pittsburgh
1172,0.4050000011920929,GAP,15,02,Pittsburgh
1173,1.0,GAP,20,05,Pittsburgh
1174,0.0005000000237487257,GAP,5,01,Pittsburgh
1175,0.0,PPCA,20,05,Pittsburgh
1176,0.2160000056028366,GAP,15,05,Pittsburgh
1177,0.0,PPCA,15,05,Pittsburgh
1178,0.0,GAP,5,03,Pittsburgh
1179,0.9506666660308838,GAP,5,02,Pittsburgh
1180,0.9993333220481873,GAP,25,03,Pittsburgh
1181,0.0,PPCA,25,03,Pittsburgh
1182,0.9576666951179504,GAP,5,04,Pittsburgh
1183,0.09066666662693024,GAP,5,05,Pittsburgh
1184,0.9986666440963745,GAP,10,03,Pittsburgh
1185,0.0,PPCA,10,03,Pittsburgh
1186,1.0,GAP,15,05,Atlanta
1187,0.0,PPCA,10,02,Atlanta
1188,0.0,GAP,5,01,Atlanta
1189,0.0,GAP,5,02,Atlanta
1190,0.9927999973297119,GAP,20,05,Atlanta
1191,0.0,GAP,5,03,Atlanta
1192,0.0,PPCA,20,01,Atlanta
1193,1.0,GAP,10,03,Atlanta
1194,0.0,PPCA,15,04,Atlanta
1195,0.0,PPCA,20,04,Atlanta
1196,0.002400000113993883,GAP,5,05,Atlanta
1197,0.0,PPCA,15,01,Atlanta
1198,0.0,GAP,5,04,Atlanta
1199,0.0,PPCA,15,03,Atlanta
1200,1.0,GAP,10,04,Atlanta
1201,0.0,PPCA,7,05,Atlanta
1202,0.0,PPCA,20,03,Atlanta
1203,0.0,PPCA,7,04,Atlanta
1204,0.0007999999797903001,GAP,10,01,Atlanta
1205,0.0,PPCA,7,01,Atlanta
1206,0.0,PPCA,10,05,Atlanta
1207,1.0,GAP,15,02,Atlanta
1208,0.0,PPCA,7,02,Atlanta
1209,0.0,PPCA,7,03,Atlanta
1210,0.8715999722480774,GAP,20,02,Atlanta
1211,0.6019999980926514,GAP,7,04,Atlanta
1212,0.0,PPCA,10,01,Atlanta
1213,0.0,GAP,7,05,Atlanta
1214,1.0,GAP,20,03,Atlanta
1215,0.0,PPCA,10,04,Atlanta
1216,1.0,GAP,15,03,Atlanta
1217,0.01720000058412552,GAP,7,03,Atlanta
1218,0.0,PPCA,20,02,Atlanta
1219,0.9571999907493591,GAP,7,02,Atlanta
1220,0.0,PPCA,15,02,Atlanta
1221,0.0,GAP,10,05,Atlanta
1222,0.7196000218391418,GAP,7,01,Atlanta
1223,0.0,PPCA,20,05,Atlanta
1224,0.0,PPCA,5,03,Atlanta
1225,0.0,PPCA,5,02,Atlanta
1226,1.0,GAP,10,02,Atlanta
1227,0.0,PPCA,5,01,Atlanta
1228,0.0,PPCA,15,05,Atlanta
1229,0.0,PPCA,5,04,Atlanta
1230,1.0,GAP,15,01,Atlanta
1231,1.0,GAP,20,04,Atlanta
1232,0.0,PPCA,5,05,Atlanta
1233,1.0,GAP,15,04,Atlanta
1234,0.0,PPCA,10,03,Atlanta
1235,0.9968000054359436,GAP,20,01,Atlanta
1236,0.0,GAP,10,02,Buffalo
1237,0.0,GAP,11,05,Buffalo
1238,0.0,GAP,11,02,Buffalo
1239,0.0,GAP,10,05,Buffalo
1240,0.0,GAP,8,01,Buffalo
1241,0.0,GAP,10,01,Buffalo
1242,0.0,GAP,8,02,Buffalo
1243,0.0,GAP,8,03,Buffalo
1244,0.0,GAP,10,04,Buffalo
1245,0.0,GAP,11,03,Buffalo
1246,0.0,GAP,8,05,Buffalo
1247,0.0,GAP,8,04,Buffalo
1248,0.0,GAP,11,04,Buffalo
1249,0.0,GAP,11,01,Buffalo
1250,0.0,GAP,10,03,Buffalo
1251,0.0,GAP,10,03,Houston
1252,0.0,GAP,20,05,Houston
1253,0.0,GAP,15,05,Houston
1254,0.0,GAP,20,02,Houston
1255,0.0,GAP,15,02,Houston
1256,0.0,GAP,10,01,Houston
1257,0.0,GAP,10,04,Houston
1258,0.0,GAP,10,05,Houston
1259,0.0,GAP,15,03,Houston
1260,0.0,GAP,20,03,Houston
1261,0.0,GAP,20,01,Houston
1262,0.0,GAP,5,01,Houston
1263,0.0,GAP,15,04,Houston
1264,0.0,GAP,5,03,Houston
1265,0.0,GAP,20,04,Houston
1266,0.0,GAP,5,02,Houston
1267,0.0,GAP,15,01,Houston
1268,0.0,GAP,10,02,Houston
1269,0.0,GAP,5,04,Houston
1270,0.0,GAP,5,05,Houston
1271,0.0,GAP,8,02,Miami
1272,0.0,GAP,11,02,Miami
1273,0.0,GAP,8,03,Miami
1274,0.0,GAP,8,01,Miami
1275,0.0,GAP,8,05,Miami
1276,0.0,GAP,8,04,Miami
1277,0.0,GAP,10,05,Miami
1278,0.0,GAP,10,02,Miami
1279,0.0,GAP,11,05,Miami
1280,0.0,GAP,11,01,Miami
1281,0.0,GAP,11,04,Miami
1282,0.0,GAP,10,03,Miami
1283,0.0,GAP,10,04,Miami
1284,0.0,GAP,10,01,Miami
1285,0.0,GAP,11,03,Miami
1286,0.18799999356269836,GAP,4,02,Washington
1287,0.0,PPCA,4,05,Washington
1288,0.5019999742507935,GAP,10,05,Washington
1289,0.0,PPCA,4,04,Washington
1290,0.0,GAP,4,03,Washington
1291,0.49900001287460327,GAP,4,01,Washington
1292,0.0,PPCA,10,03,Washington
1293,0.5619999766349792,GAP,15,03,Washington
1294,0.008999999612569809,GAP,4,05,Washington
1295,0.0,PPCA,4,02,Washington
1296,0.0,PPCA,4,03,Washington
1297,0.0,PPCA,20,05,Washington
1298,0.04899999871850014,GAP,4,04,Washington
1299,0.0,PPCA,4,01,Washington
1300,0.0,PPCA,15,05,Washington
1301,0.0005000000237487257,GAP,20,03,Washington
1302,0.0,GAP,15,04,Washington
1303,0.0,PPCA,20,02,Washington
1304,0.0,GAP,5,01,Washington
1305,0.2004999965429306,GAP,20,01,Washington
1306,0.0,GAP,5,03,Washington
1307,0.030500000342726707,GAP,15,01,Washington
1308,0.0,PPCA,15,02,Washington
1309,0.0,PPCA,5,04,Washington
1310,0.009999999776482582,GAP,20,04,Washington
1311,0.0,PPCA,5,05,Washington
1312,0.0,GAP,5,02,Washington
1313,0.0,PPCA,10,01,Washington
1314,0.0,PPCA,5,01,Washington
1315,0.0,GAP,10,02,Washington
1316,0.26899999380111694,GAP,5,04,Washington
1317,0.0,PPCA,5,03,Washington
1318,0.0,PPCA,5,02,Washington
1319,0.6625000238418579,GAP,5,05,Washington
1320,0.0,PPCA,10,04,Washington
1321,0.0,PPCA,10,05,Washington
1322,0.0044999998062849045,GAP,10,03,Washington
1323,0.0,PPCA,15,03,Washington
1324,0.36266666650772095,GAP,20,05,Washington
1325,0.012000000104308128,GAP,15,05,Washington
1326,0.0,PPCA,20,03,Washington
1327,0.0,PPCA,15,04,Washington
1328,0.0,PPCA,20,01,Washington
1329,0.007000000216066837,GAP,20,02,Washington
1330,0.0010000000474974513,GAP,15,02,Washington
1331,0.0,PPCA,15,01,Washington
1332,0.0010000000474974513,PPCA,20,04,Washington
1333,0.0,PPCA,10,02,Washington
1334,0.0,GAP,10,01,Washington
1335,0.019999999552965164,GAP,10,04,Washington
1336,0.0,GAP,20,04,San Francisco
1337,0.0,GAP,15,01,San Francisco
1338,0.0,GAP,20,01,San Francisco
1339,0.0,GAP,15,04,San Francisco
1340,0.0,GAP,10,02,San Francisco
1341,0.0,GAP,10,05,San Francisco
1342,0.0,GAP,20,03,San Francisco
1343,0.0,GAP,15,03,San Francisco
1344,0.0,GAP,15,02,San Francisco
1345,0.0,GAP,20,02,San Francisco
1346,0.0,GAP,10,04,San Francisco
1347,0.0,GAP,10,01,San Francisco
1348,0.0,GAP,10,03,San Francisco
1349,0.0,GAP,5,05,San Francisco
1350,0.0,GAP,5,04,San Francisco
1351,0.0,GAP,5,02,San Francisco
1352,0.0,GAP,5,03,San Francisco
1353,0.10599999874830246,GAP,15,05,San Francisco
1354,0.0,GAP,20,05,San Francisco
1355,0.0,GAP,5,01,San Francisco
1356,0.9114999771118164,GAP,20,05,Denver
1357,0.0,GAP,15,05,Denver
1358,0.0,GAP,10,03,Denver
1359,0.2409999966621399,GAP,10,01,Denver
1360,0.0,GAP,10,04,Denver
1361,0.35199999809265137,GAP,20,02,Denver
1362,0.0,GAP,15,02,Denver
1363,0.41350001096725464,GAP,5,01,Denver
1364,0.0,GAP,15,03,Denver
1365,0.7515000104904175,GAP,5,02,Denver
1366,0.05950000137090683,GAP,5,03,Denver
1367,0.0,GAP,20,03,Denver
1368,0.0,GAP,10,05,Denver
1369,0.11749999970197678,GAP,5,05,Denver
1370,0.04600000008940697,GAP,5,04,Denver
1371,0.0,GAP,10,02,Denver
1372,0.0,GAP,15,04,Denver
1373,0.0,GAP,20,01,Denver
1374,0.5615000128746033,GAP,15,01,Denver
1375,0.0,GAP,20,04,Denver
1376,0.8697500228881836,GAP,20,02,Baltimore
1377,0.0,GAP,15,02,Baltimore
1378,0.0,GAP,10,01,Baltimore
1379,0.0,GAP,10,04,Baltimore
1380,0.3149999976158142,GAP,5,03,Baltimore
1381,0.0,GAP,5,02,Baltimore
1382,0.0,GAP,10,03,Baltimore
1383,0.0,GAP,5,01,Baltimore
1384,0.0010000000474974513,GAP,20,05,Baltimore
1385,0.0,GAP,5,04,Baltimore
1386,0.0,GAP,5,05,Baltimore
1387,0.0,GAP,15,05,Baltimore
1388,0.4867500066757202,GAP,20,01,Baltimore
1389,0.0,GAP,15,04,Baltimore
1390,0.10999999940395355,GAP,20,04,Baltimore
1391,0.4805000126361847,GAP,15,01,Baltimore
1392,0.0,GAP,10,02,Baltimore
1393,0.0,GAP,10,05,Baltimore
1394,0.7447500228881836,GAP,15,03,Baltimore
1395,0.0,GAP,20,03,Baltimore
1396,0.0,GAP,15,01,LA Chargers
1397,0.0,GAP,20,04,LA Chargers
1398,0.0,GAP,15,04,LA Chargers
1399,0.0,GAP,20,01,LA Chargers
1400,0.0,GAP,10,02,LA Chargers
1401,0.0,GAP,8,04,LA Chargers
1402,0.0,GAP,8,05,LA Chargers
1403,0.0,GAP,10,05,LA Chargers
1404,0.0,GAP,8,01,LA Chargers
1405,0.0,GAP,20,03,LA Chargers
1406,0.0,GAP,15,03,LA Chargers
1407,0.0,GAP,8,03,LA Chargers
1408,0.0,GAP,8,02,LA Chargers
1409,0.0,GAP,15,02,LA Chargers
1410,0.0,GAP,5,01,LA Chargers
1411,0.0,GAP,5,02,LA Chargers
1412,0.0,GAP,5,03,LA Chargers
1413,0.0,GAP,20,02,LA Chargers
1414,0.0,GAP,10,04,LA Chargers
1415,0.0,GAP,5,05,LA Chargers
1416,0.0,GAP,5,04,LA Chargers
1417,0.0,GAP,10,01,LA Chargers
1418,0.0,GAP,10,03,LA Chargers
1419,0.0,GAP,15,05,LA Chargers
1420,0.0,GAP,20,05,LA Chargers
1421,0.0,GAP,20,03,Seattle
1422,0.0,GAP,15,03,Seattle
1423,0.0,GAP,14,04,Seattle
1424,0.0,GAP,14,01,Seattle
1425,0.0,GAP,10,05,Seattle
1426,0.0,GAP,14,03,Seattle
1427,0.0,GAP,10,02,Seattle
1428,0.0,GAP,20,04,Seattle
1429,0.0,GAP,15,01,Seattle
1430,0.0,GAP,20,01,Seattle
1431,0.0,GAP,15,04,Seattle
1432,0.0,GAP,5,01,Seattle
1433,0.0,GAP,15,05,Seattle
1434,0.0,GAP,5,02,Seattle
1435,0.0,GAP,20,05,Seattle
1436,0.0,GAP,5,03,Seattle
1437,0.0,GAP,10,03,Seattle
1438,0.04899999871850014,GAP,5,05,Seattle
1439,0.0,GAP,14,02,Seattle
1440,0.003000000026077032,GAP,5,04,Seattle
1441,0.0,GAP,10,04,Seattle
1442,0.0,GAP,10,01,Seattle
1443,0.0,GAP,14,05,Seattle
1444,0.0,GAP,15,02,Seattle
1445,0.0,GAP,20,02,Seattle
1446,0.0,GAP,15,01,Cleveland
1447,0.0,GAP,12,01,Cleveland
1448,0.0,GAP,11,05,Cleveland
1449,0.0,GAP,20,04,Cleveland
1450,0.0,GAP,12,04,Cleveland
1451,0.0,GAP,15,04,Cleveland
1452,0.8489999771118164,GAP,20,01,Cleveland
1453,0.0,GAP,10,02,Cleveland
1454,0.0,GAP,10,05,Cleveland
1455,0.0,GAP,11,02,Cleveland
1456,0.0,GAP,20,03,Cleveland
1457,0.0,GAP,15,03,Cleveland
1458,0.0,GAP,12,03,Cleveland
1459,0.0,GAP,5,05,Cleveland
1460,0.0,GAP,15,02,Cleveland
1461,0.0,GAP,12,02,Cleveland
1462,0.0,GAP,5,04,Cleveland
1463,0.0,GAP,11,03,Cleveland
1464,0.9994999766349792,GAP,20,02,Cleveland
1465,0.0,GAP,5,02,Cleveland
1466,0.0,GAP,10,04,Cleveland
1467,0.0,GAP,5,03,Cleveland
1468,0.0,GAP,5,01,Cleveland
1469,0.9290000200271606,GAP,10,01,Cleveland
1470,0.0,GAP,10,03,Cleveland
1471,0.0,GAP,12,05,Cleveland
1472,0.0,GAP,11,01,Cleveland
1473,0.0,GAP,15,05,Cleveland
1474,0.0,GAP,11,04,Cleveland
1475,0.0,GAP,20,05,Cleveland
1476,0.9944999814033508,GAP,10,03,Kansas City
1477,0.9994999766349792,GAP,20,05,Kansas City
1478,0.9955000281333923,GAP,11,04,Kansas City
1479,0.996999979019165,GAP,11,01,Kansas City
1480,1.0,GAP,15,05,Kansas City
1481,0.8389999866485596,GAP,20,02,Kansas City
1482,0.9994999766349792,GAP,11,03,Kansas City
1483,0.8165000081062317,GAP,15,02,Kansas City
1484,1.0,GAP,10,01,Kansas City
1485,0.9934999942779541,GAP,10,04,Kansas City
1486,0.9990000128746033,GAP,10,05,Kansas City
1487,0.14499999582767487,GAP,5,01,Kansas City
1488,0.0215000007301569,GAP,5,02,Kansas City
1489,0.8679999709129333,GAP,5,03,Kansas City
1490,0.9955000281333923,GAP,15,03,Kansas City
1491,0.7889999747276306,GAP,5,05,Kansas City
1492,0.9990000128746033,GAP,20,03,Kansas City
1493,0.8920000195503235,GAP,11,02,Kansas City
1494,0.0,GAP,5,04,Kansas City
1495,1.0,GAP,20,01,Kansas City
1496,0.9959999918937683,GAP,15,04,Kansas City
1497,0.9909999966621399,GAP,20,04,Kansas City
1498,0.9990000128746033,GAP,15,01,Kansas City
1499,1.0,GAP,11,05,Kansas City
1500,0.9085000157356262,GAP,10,02,Kansas City
1501,0.0044999998062849045,GAP,12,02,Las Vegas
1502,0.0,GAP,15,02,Las Vegas
1503,0.004999999888241291,GAP,20,02,Las Vegas
1504,0.00033333332976326346,GAP,10,04,Las Vegas
1505,0.001500000013038516,GAP,10,01,Las Vegas
1506,0.004000000189989805,GAP,10,03,Las Vegas
1507,0.0,GAP,15,05,Las Vegas
1508,0.0,GAP,12,05,Las Vegas
1509,0.0,GAP,20,05,Las Vegas
1510,0.0,GAP,5,02,Las Vegas
1511,0.0010000000474974513,GAP,12,01,Las Vegas
1512,0.0020000000949949026,GAP,15,01,Las Vegas
1513,0.0,GAP,5,03,Las Vegas
1514,0.0,GAP,20,04,Las Vegas
1515,0.0,GAP,15,04,Las Vegas
1516,0.0010000000474974513,GAP,12,04,Las Vegas
1517,0.001500000013038516,GAP,5,01,Las Vegas
1518,0.0,GAP,20,01,Las Vegas
1519,0.0,GAP,5,05,Las Vegas
1520,0.0,GAP,5,04,Las Vegas
1521,0.0,GAP,10,02,Las Vegas
1522,0.0,GAP,10,05,Las Vegas
1523,0.0,GAP,20,03,Las Vegas
1524,0.004999999888241291,GAP,12,03,Las Vegas
1525,0.0,GAP,15,03,Las Vegas
1526,0.3894999921321869,GAP,10,03,Green Bay
1527,0.37599998712539673,GAP,52,05,Green Bay
1528,0.671500027179718,GAP,20,05,Green Bay
1529,0.6320000290870667,GAP,15,05,Green Bay
1530,0.9315000176429749,GAP,52,02,Green Bay
1531,0.9269999861717224,GAP,20,02,Green Bay
1532,0.9359999895095825,GAP,15,02,Green Bay
1533,0.9975000023841858,GAP,10,01,Green Bay
1534,0.9509999752044678,GAP,10,04,Green Bay
1535,0.46549999713897705,GAP,10,05,Green Bay
1536,0.7544999718666077,GAP,15,03,Green Bay
1537,0.6759999990463257,GAP,52,03,Green Bay
1538,0.7455000281333923,GAP,20,03,Green Bay
1539,0.9449999928474426,GAP,15,04,Green Bay
1540,0.0005000000237487257,GAP,5,01,Green Bay
1541,0.9764999747276306,GAP,52,01,Green Bay
1542,0.9929999709129333,GAP,20,01,Green Bay
1543,0.05900000035762787,GAP,5,02,Green Bay
1544,0.9085000157356262,GAP,52,04,Green Bay
1545,0.9925000071525574,GAP,15,01,Green Bay
1546,0.9430000185966492,GAP,20,04,Green Bay
1547,0.0010000000474974513,GAP,5,03,Green Bay
1548,0.906000018119812,GAP,10,02,Green Bay
1549,0.0,GAP,5,05,Green Bay
1550,0.19300000369548798,GAP,5,04,Green Bay
1551,0.0,GAP,10,05,Tampa Bay
1552,0.0,GAP,20,03,Tampa Bay
1553,0.0,GAP,15,03,Tampa Bay
1554,0.0,GAP,15,01,Tampa Bay
1555,0.0,GAP,5,04,Tampa Bay
1556,0.0,GAP,5,05,Tampa Bay
1557,0.0,GAP,20,04,Tampa Bay
1558,0.0,GAP,15,04,Tampa Bay
1559,0.0,GAP,20,01,Tampa Bay
1560,0.0,GAP,5,03,Tampa Bay
1561,0.0,GAP,5,02,Tampa Bay
1562,0.8345000147819519,GAP,10,02,Tampa Bay
1563,0.0,GAP,5,01,Tampa Bay
1564,0.0,GAP,10,03,Tampa Bay
1565,0.020999999716877937,GAP,15,05,Tampa Bay
1566,0.0,GAP,20,05,Tampa Bay
1567,0.9309999942779541,GAP,15,02,Tampa Bay
1568,0.8960000276565552,GAP,20,02,Tampa Bay
1569,0.0,GAP,10,04,Tampa Bay
1570,0.0,GAP,10,01,Tampa Bay
1571,0.0,GAP,10,01,New England
1572,0.035999998450279236,GAP,9,05,New England
1573,0.13750000298023224,GAP,10,04,New England
1574,0.13750000298023224,GAP,9,04,New England
1575,0.1875,GAP,9,01,New England
1576,0.0,GAP,20,02,New England
1577,0.0,GAP,9,02,New England
1578,0.0,GAP,15,02,New England
1579,0.045499999076128006,GAP,9,03,New England
1580,0.0,GAP,20,05,New England
1581,0.0,GAP,15,05,New England
1582,0.0,GAP,10,03,New England
1583,0.0,GAP,5,02,New England
1584,0.0,GAP,5,03,New England
1585,0.0,GAP,10,02,New England
1586,0.0,GAP,5,01,New England
1587,0.0,GAP,15,04,New England
1588,0.0,GAP,5,05,New England
1589,0.0,GAP,5,04,New England
1590,0.0,GAP,20,01,New England
1591,0.1589999943971634,GAP,15,01,New England
1592,0.0,GAP,20,04,New England
1593,0.0,GAP,15,03,New England
1594,0.0,GAP,20,03,New England
1595,0.0,GAP,10,05,New England
1596,0.0,GAP,35,04,Miami
1597,0.0,GAP,35,01,Miami
1598,0.0,GAP,10,03,Miami
1599,0.0,GAP,30,02,Miami
1600,0.0,GAP,20,05,Miami
1601,0.0,GAP,15,05,Miami
1602,0.0,GAP,8,01,Miami
1603,0.0,GAP,20,02,Miami
1604,0.0,GAP,30,05,Miami
1605,0.0,GAP,8,02,Miami
1606,0.0,GAP,15,02,Miami
1607,0.0,GAP,8,03,Miami
1608,0.0,GAP,35,03,Miami
1609,0.0,GAP,10,01,Miami
1610,0.0,GAP,8,05,Miami
1611,0.0,GAP,8,04,Miami
1612,0.0,GAP,10,04,Miami
1613,0.0,GAP,10,05,Miami
1614,0.0,GAP,5,04,Miami
1615,0.0,GAP,35,02,Miami
1616,0.0,GAP,5,05,Miami
1617,0.0,GAP,15,03,Miami
1618,0.0,GAP,30,01,Miami
1619,0.0,GAP,5,01,Miami
1620,0.0,GAP,5,03,Miami
1621,0.0,GAP,20,03,Miami
1622,0.0,GAP,5,02,Miami
1623,0.0,GAP,30,04,Miami
1624,0.0,GAP,4,05,Miami
1625,0.0,GAP,15,04,Miami
1626,0.0,GAP,3,05,Miami
1627,0.0,GAP,3,04,Miami
1628,0.0,GAP,20,01,Miami
1629,0.0,GAP,4,04,Miami
1630,0.0,GAP,15,01,Miami
1631,0.0,GAP,30,03,Miami
1632,0.0,GAP,20,04,Miami
1633,0.0,GAP,4,02,Miami
1634,0.0,GAP,3,02,Miami
1635,0.0,GAP,10,02,Miami
1636,0.0,GAP,3,03,Miami
1637,0.0,GAP,4,03,Miami
1638,0.0,GAP,35,05,Miami
1639,0.0,GAP,3,01,Miami
1640,0.0,GAP,4,01,Miami
1641,0.46549999713897705,GAP,10,02,NY Giants
1642,0.0,GAP,7,01,NY Giants
1643,0.0,GAP,7,03,NY Giants
1644,0.0,GAP,7,02,NY Giants
1645,0.0,GAP,20,01,NY Giants
1646,0.0,GAP,15,04,NY Giants
1647,0.0,GAP,7,04,NY Giants
1648,0.0,GAP,20,04,NY Giants
1649,0.0,GAP,7,05,NY Giants
1650,0.0,GAP,15,01,NY Giants
1651,0.0,GAP,15,03,NY Giants
1652,0.0,GAP,20,03,NY Giants
1653,0.051500000059604645,GAP,10,05,NY Giants
1654,0.0,GAP,5,05,NY Giants
1655,0.019999999552965164,GAP,10,01,NY Giants
1656,0.0,GAP,5,04,NY Giants
1657,0.003000000026077032,GAP,10,04,NY Giants
1658,0.0,GAP,20,02,NY Giants
1659,0.0,GAP,5,02,NY Giants
1660,0.0,GAP,5,03,NY Giants
1661,0.0,GAP,5,01,NY Giants
1662,0.0,GAP,15,02,NY Giants
1663,0.0,GAP,20,05,NY Giants
1664,0.0,GAP,15,05,NY Giants
1665,0.0,GAP,10,03,NY Giants
1666,0.0,GAP,5,01,NY Jets
1667,0.0,GAP,10,05,NY Jets
1668,0.0,GAP,5,03,NY Jets
1669,0.0,GAP,5,02,NY Jets
1670,0.0,GAP,15,03,NY Jets
1671,0.0,GAP,5,04,NY Jets
1672,0.0,GAP,5,05,NY Jets
1673,0.0,GAP,20,03,NY Jets
1674,0.0,GAP,15,04,NY Jets
1675,0.0,GAP,20,01,NY Jets
1676,0.0,GAP,15,01,NY Jets
1677,0.0,GAP,20,04,NY Jets
1678,0.0,GAP,10,02,NY Jets
1679,0.0,GAP,7,05,NY Jets
1680,0.0,GAP,7,04,NY Jets
1681,0.013500000350177288,GAP,10,03,NY Jets
1682,0.0,GAP,7,02,NY Jets
1683,0.0,GAP,20,05,NY Jets
1684,0.0,GAP,7,03,NY Jets
1685,0.0,GAP,15,05,NY Jets
1686,0.1809999942779541,GAP,7,01,NY Jets
1687,0.0,GAP,20,02,NY Jets
1688,0.0,GAP,15,02,NY Jets
1689,0.0,GAP,10,01,NY Jets
1690,0.0,GAP,10,04,NY Jets
1691,0.6389999985694885,GAP,10,03,Tennessee
1692,0.25999999046325684,GAP,13,02,Tennessee
1693,0.0,GAP,15,05,Tennessee
1694,0.0,GAP,20,05,Tennessee
1695,0.0430000014603138,GAP,15,02,Tennessee
1696,0.0,GAP,5,05,Tennessee
1697,0.0,GAP,20,02,Tennessee
1698,0.0,GAP,5,04,Tennessee
1699,0.0,GAP,5,01,Tennessee
1700,0.0,GAP,10,04,Tennessee
1701,0.0,GAP,5,02,Tennessee
1702,0.6399999856948853,GAP,13,05,Tennessee
1703,0.0,GAP,10,01,Tennessee
1704,0.0,GAP,5,03,Tennessee
1705,0.0,GAP,13,04,Tennessee
1706,0.32850000262260437,GAP,13,01,Tennessee
1707,0.6790000200271606,GAP,10,05,Tennessee
1708,0.0,GAP,20,03,Tennessee
1709,0.0,GAP,15,03,Tennessee
1710,0.0,GAP,15,01,Tennessee
1711,0.0,GAP,20,04,Tennessee
1712,0.0,GAP,15,04,Tennessee
1713,0.0,GAP,20,01,Tennessee
1714,0.8205000162124634,GAP,13,03,Tennessee
1715,0.0,GAP,10,02,Tennessee
1716,0.0,GAP,10,02,LA Rams
1717,0.0,GAP,15,01,LA Rams
1718,0.0,GAP,20,04,LA Rams
1719,0.0,GAP,15,04,LA Rams
1720,0.0,GAP,20,01,LA Rams
1721,0.0,GAP,20,03,LA Rams
1722,0.0,GAP,15,03,LA Rams
1723,0.0,GAP,8,05,LA Rams
1724,0.0,GAP,8,04,LA Rams
1725,0.0,GAP,8,01,LA Rams
1726,0.0,GAP,8,02,LA Rams
1727,0.0,GAP,10,05,LA Rams
1728,0.0,GAP,8,03,LA Rams
1729,0.0,GAP,10,04,LA Rams
1730,0.0,GAP,5,01,LA Rams
1731,0.0,GAP,5,03,LA Rams
1732,0.0,GAP,5,02,LA Rams
1733,0.0,GAP,10,01,LA Rams
1734,0.0,GAP,15,02,LA Rams
1735,0.0,GAP,5,04,LA Rams
1736,0.0,GAP,20,02,LA Rams
1737,0.0,GAP,5,05,LA Rams
1738,0.0,GAP,15,05,LA Rams
1739,0.0,GAP,20,05,LA Rams
1740,0.0,GAP,10,03,LA Rams
1741,0.0,GAP,10,02,Chicago
1742,0.0,GAP,20,01,Chicago
1743,0.0,GAP,15,04,Chicago
1744,0.0,GAP,20,04,Chicago
1745,0.0,GAP,15,01,Chicago
1746,0.0,GAP,15,03,Chicago
1747,0.0,GAP,5,05,Chicago
1748,0.0,GAP,20,03,Chicago
1749,0.0,GAP,5,04,Chicago
1750,0.0,GAP,10,05,Chicago
1751,0.0,GAP,5,01,Chicago
1752,0.0,GAP,5,02,Chicago
1753,0.0,GAP,5,03,Chicago
1754,0.0,GAP,10,01,Chicago
1755,0.0,GAP,10,04,Chicago
1756,0.0,GAP,20,02,Chicago
1757,0.0,GAP,15,02,Chicago
1758,0.0,GAP,20,05,Chicago
1759,0.0,GAP,15,05,Chicago
1760,0.0,GAP,10,03,Chicago
1761,0.0,GAP,10,02,Dallas
1762,0.0,GAP,20,04,Dallas
1763,0.0,GAP,37,03,Dallas
1764,0.0,GAP,15,01,Dallas
1765,0.0,GAP,20,01,Dallas
1766,0.0,GAP,15,04,Dallas
1767,0.0,GAP,20,03,Dallas
1768,0.0,GAP,37,04,Dallas
1769,0.0,GAP,37,01,Dallas
1770,0.0,GAP,15,03,Dallas
1771,0.0,GAP,10,05,Dallas
1772,0.0,GAP,10,04,Dallas
1773,0.0,GAP,10,01,Dallas
1774,0.0,GAP,15,02,Dallas
1775,0.0,GAP,20,02,Dallas
1776,0.0,GAP,37,05,Dallas
1777,0.0,GAP,5,01,Dallas
1778,0.0,GAP,15,05,Dallas
1779,0.0,GAP,5,02,Dallas
1780,0.0,GAP,20,05,Dallas
1781,0.609499990940094,GAP,37,02,Dallas
1782,0.0,GAP,5,03,Dallas
1783,0.0,GAP,10,03,Dallas
1784,0.0,GAP,5,05,Dallas
1785,0.0,GAP,5,04,Dallas
1786,0.0,GAP,15,05,Cincinnati
1787,0.9994999766349792,GAP,20,05,Cincinnati
1788,0.0,GAP,10,03,Cincinnati
1789,0.0,GAP,13,02,Cincinnati
1790,0.8569999933242798,GAP,10,04,Cincinnati
1791,0.9994999766349792,GAP,13,05,Cincinnati
1792,0.0,GAP,10,01,Cincinnati
1793,0.0,GAP,15,02,Cincinnati
1794,0.0,GAP,20,02,Cincinnati
1795,0.9944999814033508,GAP,20,03,Cincinnati
1796,0.0,GAP,5,01,Cincinnati
1797,0.0,GAP,5,03,Cincinnati
1798,0.0,GAP,5,02,Cincinnati
1799,0.0,GAP,15,03,Cincinnati
1800,0.0,GAP,13,04,Cincinnati
1801,0.0,GAP,5,04,Cincinnati
1802,0.0,GAP,13,01,Cincinnati
1803,0.0,GAP,10,05,Cincinnati
1804,0.0,GAP,5,05,Cincinnati
1805,0.0,GAP,13,03,Cincinnati
1806,0.0,GAP,10,02,Cincinnati
1807,0.9225000143051147,GAP,20,04,Cincinnati
1808,0.9909999966621399,GAP,15,01,Cincinnati
1809,0.0,GAP,20,01,Cincinnati
1810,0.0,GAP,15,04,Cincinnati
1811,1.0,GAP,15,05,Minnesota
1812,1.0,GAP,20,05,Minnesota
1813,0.999666690826416,GAP,10,03,Minnesota
1814,1.0,GAP,10,04,Minnesota
1815,1.0,GAP,10,01,Minnesota
1816,0.0,GAP,15,02,Minnesota
1817,1.0,GAP,20,02,Minnesota
1818,0.9886666536331177,GAP,20,03,Minnesota
1819,1.0,GAP,15,03,Minnesota
1820,0.0,GAP,10,05,Minnesota
1821,0.0,GAP,5,01,Minnesota
1822,0.0,GAP,5,03,Minnesota
1823,0.0,GAP,5,02,Minnesota
1824,0.0,GAP,10,02,Minnesota
1825,1.0,GAP,15,01,Minnesota
1826,1.0,GAP,20,04,Minnesota
1827,0.6576666831970215,GAP,5,04,Minnesota
1828,1.0,GAP,15,04,Minnesota
1829,0.0,GAP,5,05,Minnesota
1830,1.0,GAP,20,01,Minnesota
1831,0.0,GAP,10,05,Buffalo
1832,0.0,GAP,25,05,Buffalo
1833,0.0,GAP,35,02,Buffalo
1834,0.0,GAP,30,01,Buffalo
1835,0.0,GAP,15,03,Buffalo
1836,0.0,GAP,20,03,Buffalo
1837,0.0,GAP,30,04,Buffalo
1838,0.0,GAP,20,01,Buffalo
1839,0.0,GAP,15,04,Buffalo
1840,0.0,GAP,30,03,Buffalo
1841,0.0,GAP,20,04,Buffalo
1842,0.0,GAP,15,01,Buffalo
1843,0.0,GAP,10,02,Buffalo
1844,0.0,GAP,35,05,Buffalo
1845,0.0,GAP,25,02,Buffalo
1846,0.0,GAP,35,04,Buffalo
1847,0.0,GAP,25,03,Buffalo
1848,0.0,GAP,10,03,Buffalo
1849,0.0,GAP,35,01,Buffalo
1850,0.0,GAP,30,02,Buffalo
1851,0.0,GAP,20,05,Buffalo
1852,0.0,GAP,15,05,Buffalo
1853,0.0,GAP,20,02,Buffalo
1854,0.0,GAP,30,05,Buffalo
1855,0.0,GAP,5,01,Buffalo
1856,0.0,GAP,5,03,Buffalo
1857,0.0,GAP,5,02,Buffalo
1858,0.0,GAP,15,02,Buffalo
1859,0.0,GAP,10,01,Buffalo
1860,0.0,GAP,25,04,Buffalo
1861,0.0,GAP,35,03,Buffalo
1862,0.0,GAP,5,04,Buffalo
1863,0.0,GAP,10,04,Buffalo
1864,0.0,GAP,5,05,Buffalo
1865,0.0,GAP,25,01,Buffalo
1866,0.0,GAP,10,04,Detroit
1867,0.8889999985694885,GAP,10,01,Detroit
1868,0.0,GAP,15,02,Detroit
1869,0.5759999752044678,GAP,12,02,Detroit
1870,0.0,GAP,20,02,Detroit
1871,0.0,GAP,12,05,Detroit
1872,0.0,GAP,15,05,Detroit
1873,0.0,GAP,20,05,Detroit
1874,0.0,GAP,10,03,Detroit
1875,0.0,GAP,5,01,Detroit
1876,0.0,GAP,5,02,Detroit
1877,0.0,GAP,5,03,Detroit
1878,0.7634999752044678,GAP,10,02,Detroit
1879,0.0,GAP,15,01,Detroit
1880,0.0,GAP,12,01,Detroit
1881,0.5289999842643738,GAP,20,04,Detroit
1882,0.9309999942779541,GAP,12,04,Detroit
1883,0.0,GAP,5,05,Detroit
1884,0.0,GAP,15,04,Detroit
1885,0.0,GAP,5,04,Detroit
1886,0.0,GAP,20,01,Detroit
1887,0.0,GAP,20,03,Detroit
1888,0.0,GAP,15,03,Detroit
1889,0.0,GAP,12,03,Detroit
1890,0.9944999814033508,GAP,10,05,Detroit
1891,0.0,GAP,4,03,Washington
1892,0.008500000461935997,GAP,4,02,Washington
1893,0.0,GAP,15,02,Washington
1894,0.0,GAP,20,02,Washington
1895,0.0,GAP,4,01,Washington
1896,0.0,GAP,4,04,Washington
1897,0.0,GAP,10,04,Washington
1898,0.0,GAP,4,05,Washington
1899,0.0,GAP,10,01,Washington
1900,0.0,GAP,10,03,Washington
1901,0.00800000037997961,GAP,5,01,Washington
1902,0.0,GAP,5,02,Washington
1903,0.22949999570846558,GAP,5,03,Washington
1904,0.0,GAP,15,05,Washington
1905,0.3734999895095825,GAP,5,05,Washington
1906,0.0,GAP,20,05,Washington
1907,0.0,GAP,5,04,Washington
1908,0.0,GAP,20,04,Washington
1909,0.0,GAP,15,01,Washington
1910,0.0,GAP,20,01,Washington
1911,0.0,GAP,15,04,Washington
1912,0.0,GAP,10,02,Washington
1913,0.35600000619888306,GAP,10,05,Washington
1914,0.0,GAP,20,03,Washington
1915,0.0,GAP,15,03,Washington
1916,0.0,GAP,15,02,Jacksonville
1917,0.0,GAP,12,02,Jacksonville
1918,0.0,GAP,20,02,Jacksonville
1919,0.0,GAP,10,04,Jacksonville
1920,0.0,GAP,10,01,Jacksonville
1921,0.0,GAP,5,03,Jacksonville
1922,0.0,GAP,10,03,Jacksonville
1923,0.0,GAP,5,02,Jacksonville
1924,0.0,GAP,5,01,Jacksonville
1925,0.0,GAP,12,05,Jacksonville
1926,0.0,GAP,5,04,Jacksonville
1927,0.0,GAP,15,05,Jacksonville
1928,0.0,GAP,5,05,Jacksonville
1929,0.0,GAP,20,05,Jacksonville
1930,0.0,GAP,15,01,Jacksonville
1931,0.0,GAP,12,01,Jacksonville
1932,0.0,GAP,20,04,Jacksonville
1933,0.0,GAP,12,04,Jacksonville
1934,0.0,GAP,15,04,Jacksonville
1935,0.0,GAP,20,01,Jacksonville
1936,0.0,GAP,10,02,Jacksonville
1937,0.0,GAP,10,05,Jacksonville
1938,0.8899999856948853,GAP,20,03,Jacksonville
1939,0.0,GAP,15,03,Jacksonville
1940,0.0,GAP,12,03,Jacksonville
1941,0.0,GAP,20,04,Carolina
1942,0.0,GAP,5,03,Carolina
1943,0.0,GAP,30,03,Carolina
1944,0.0,GAP,15,01,Carolina
1945,0.0,GAP,5,02,Carolina
1946,0.0,GAP,20,01,Carolina
1947,0.0,GAP,5,01,Carolina
1948,0.0,GAP,15,04,Carolina
1949,0.0,GAP,5,04,Carolina
1950,0.0,GAP,40,05,Carolina
1951,0.0,GAP,35,05,Carolina
1952,0.0,GAP,5,05,Carolina
1953,0.0,GAP,10,02,Carolina
1954,0.0,GAP,40,02,Carolina
1955,0.0,GAP,3,01,Carolina
1956,0.0,GAP,4,01,Carolina
1957,0.0,GAP,35,02,Carolina
1958,0.0,GAP,10,05,Carolina
1959,0.0,GAP,4,02,Carolina
1960,0.0,GAP,3,02,Carolina
1961,0.0,GAP,3,03,Carolina
1962,0.0,GAP,4,03,Carolina
1963,0.0,GAP,30,04,Carolina
1964,0.0,GAP,20,03,Carolina
1965,0.0,GAP,4,05,Carolina
1966,0.0,GAP,3,05,Carolina
1967,0.0,GAP,30,01,Carolina
1968,0.0,GAP,15,03,Carolina
1969,0.0,GAP,3,04,Carolina
1970,0.0,GAP,4,04,Carolina
1971,0.0,GAP,15,02,Carolina
1972,0.0,GAP,30,05,Carolina
1973,0.0,GAP,20,02,Carolina
1974,0.0,GAP,10,04,Carolina
1975,0.0,GAP,25,01,Carolina
1976,0.0,GAP,40,03,Carolina
1977,0.0,GAP,10,01,Carolina
1978,0.0,GAP,35,03,Carolina
1979,0.0,GAP,10,03,Carolina
1980,0.0,GAP,35,01,Carolina
1981,0.0,GAP,40,04,Carolina
1982,0.0,GAP,35,04,Carolina
1983,0.0,GAP,15,05,Carolina
1984,0.0,GAP,20,05,Carolina
1985,0.0,GAP,30,02,Carolina
1986,0.0,GAP,10,02,Atlanta
1987,0.0,GAP,15,01,Atlanta
1988,0.0,GAP,20,04,Atlanta
1989,0.0,GAP,15,04,Atlanta
1990,0.0,GAP,20,01,Atlanta
1991,0.0,GAP,20,03,Atlanta
1992,0.03500000014901161,GAP,7,01,Atlanta
1993,0.0,GAP,15,03,Atlanta
1994,0.0,GAP,7,03,Atlanta
1995,0.6115000247955322,GAP,7,02,Atlanta
1996,0.0,GAP,7,04,Atlanta
1997,0.9340000152587891,GAP,7,05,Atlanta
1998,0.0,GAP,10,05,Atlanta
1999,1.0,GAP,10,04,Atlanta
2000,1.0,GAP,10,01,Atlanta
2001,0.0,GAP,15,02,Atlanta
2002,0.0,GAP,20,02,Atlanta
2003,0.0,GAP,5,05,Atlanta
2004,0.0,GAP,15,05,Atlanta
2005,0.0,GAP,5,04,Atlanta
2006,0.0,GAP,20,05,Atlanta
2007,0.0,GAP,5,02,Atlanta
2008,0.0,GAP,5,03,Atlanta
2009,0.984000027179718,GAP,10,03,Atlanta
2010,0.0,GAP,5,01,Atlanta
2011,0.0,GAP,15,02,Pittsburgh
2012,0.0,GAP,20,02,Pittsburgh
2013,0.0,GAP,10,04,Pittsburgh
2014,0.8834999799728394,GAP,25,01,Pittsburgh
2015,0.0,GAP,10,01,Pittsburgh
2016,0.7519999742507935,GAP,25,04,Pittsburgh
2017,0.0,GAP,10,03,Pittsburgh
2018,0.6460000276565552,GAP,25,03,Pittsburgh
2019,0.13449999690055847,GAP,15,05,Pittsburgh
2020,0.2840000092983246,GAP,20,05,Pittsburgh
2021,0.8830000162124634,GAP,20,04,Pittsburgh
2022,0.8215000033378601,GAP,15,01,Pittsburgh
2023,0.0,GAP,5,01,Pittsburgh
2024,0.8974999785423279,GAP,20,01,Pittsburgh
2025,0.0,GAP,5,03,Pittsburgh
2026,0.04500000178813934,GAP,5,02,Pittsburgh
2027,0.0,GAP,15,04,Pittsburgh
2028,0.0,GAP,25,02,Pittsburgh
2029,0.0,GAP,5,04,Pittsburgh
2030,0.0,GAP,10,02,Pittsburgh
2031,0.0,GAP,5,05,Pittsburgh
2032,0.2590000033378601,GAP,25,05,Pittsburgh
2033,0.0,GAP,10,05,Pittsburgh
2034,0.8100000023841858,GAP,20,03,Pittsburgh
2035,0.0,GAP,15,03,Pittsburgh
2036,0.0,GAP,20,03,Indianapolis
2037,0.0,GAP,15,03,Indianapolis
2038,0.0,GAP,10,05,Indianapolis
2039,0.0,GAP,10,02,Indianapolis
2040,0.0,GAP,20,04,Indianapolis
2041,0.0,GAP,15,01,Indianapolis
2042,0.0,GAP,20,01,Indianapolis
2043,0.0,GAP,15,04,Indianapolis
2044,0.0,GAP,15,05,Indianapolis
2045,0.0,GAP,20,05,Indianapolis
2046,0.0,GAP,10,03,Indianapolis
2047,0.0,GAP,10,04,Indianapolis
2048,0.0,GAP,10,01,Indianapolis
2049,0.398499995470047,GAP,5,04,Indianapolis
2050,0.0,GAP,5,05,Indianapolis
2051,0.0,GAP,5,01,Indianapolis
2052,0.0,GAP,15,02,Indianapolis
2053,0.0,GAP,20,02,Indianapolis
2054,0.0,GAP,5,03,Indianapolis
2055,0.0,GAP,5,02,Indianapolis
2056,0.0,GAP,10,05,Houston
2057,0.0,GAP,40,02,Houston
2058,0.0,GAP,35,02,Houston
2059,0.0,GAP,30,01,Houston
2060,0.0,GAP,12,03,Houston
2061,0.0,GAP,15,03,Houston
2062,0.0,GAP,20,03,Houston
2063,0.0,GAP,30,04,Houston
2064,0.0,GAP,20,01,Houston
2065,0.0,GAP,15,04,Houston
2066,0.0,GAP,12,04,Houston
2067,0.0,GAP,30,03,Houston
2068,0.0,GAP,20,04,Houston
2069,0.0,GAP,12,01,Houston
2070,0.0,GAP,15,01,Houston
2071,0.0,GAP,10,02,Houston
2072,0.0,GAP,40,05,Houston
2073,0.0,GAP,35,05,Houston
2074,0.0,GAP,40,04,Houston
2075,0.0,GAP,35,04,Houston
2076,0.0,GAP,10,03,Houston
2077,0.0,GAP,35,01,Houston
2078,0.0,GAP,30,02,Houston
2079,0.0,GAP,20,05,Houston
2080,0.0,GAP,15,05,Houston
2081,0.0,GAP,12,05,Houston
2082,0.0,GAP,20,02,Houston
2083,0.0,GAP,30,05,Houston
2084,0.0,GAP,5,04,Houston
2085,0.0,GAP,5,05,Houston
2086,0.0,GAP,12,02,Houston
2087,0.0,GAP,15,02,Houston
2088,0.0,GAP,10,01,Houston
2089,0.0,GAP,40,03,Houston
2090,0.0,GAP,35,03,Houston
2091,0.0,GAP,5,01,Houston
2092,0.0,GAP,5,03,Houston
2093,0.0,GAP,10,04,Houston
2094,0.0,GAP,5,02,Houston
2095,0.0,GAP,10,03,Philadelphia
2096,0.0,GAP,20,05,Philadelphia
2097,0.0,GAP,15,05,Philadelphia
2098,0.4269999861717224,GAP,20,02,Philadelphia
2099,0.0,GAP,15,02,Philadelphia
2100,0.0,GAP,10,01,Philadelphia
2101,0.0,GAP,10,04,Philadelphia
2102,0.0,GAP,5,03,Philadelphia
2103,0.0,GAP,5,02,Philadelphia
2104,0.0,GAP,10,05,Philadelphia
2105,0.0,GAP,5,01,Philadelphia
2106,0.0,GAP,5,04,Philadelphia
2107,0.7229999899864197,GAP,15,03,Philadelphia
2108,0.0,GAP,5,05,Philadelphia
2109,0.0,GAP,20,03,Philadelphia
2110,0.11999999731779099,GAP,15,04,Philadelphia
2111,0.9884999990463257,GAP,20,01,Philadelphia
2112,0.0,GAP,15,01,Philadelphia
2113,0.0,GAP,20,04,Philadelphia
2114,0.0,GAP,10,02,Philadelphia
2115,0.0,GAP,18,04,New Orleans
2116,0.0,GAP,20,05,New Orleans
2117,0.0,GAP,18,01,New Orleans
2118,0.0,GAP,15,05,New Orleans
2119,0.0,GAP,10,03,New Orleans
2120,0.0,GAP,10,01,New Orleans
2121,0.0,GAP,10,04,New Orleans
2122,0.0,GAP,20,02,New Orleans
2123,0.0,GAP,18,03,New Orleans
2124,0.0,GAP,15,02,New Orleans
2125,0.0,GAP,15,03,New Orleans
2126,0.0,GAP,20,03,New Orleans
2127,0.0,GAP,18,02,New Orleans
2128,0.0,GAP,10,05,New Orleans
2129,0.0,GAP,10,02,New Orleans
2130,0.0,GAP,5,04,New Orleans
2131,0.21699999272823334,GAP,5,05,New Orleans
2132,0.0,GAP,20,01,New Orleans
2133,0.0,GAP,5,01,New Orleans
2134,0.0,GAP,15,04,New Orleans
2135,0.0,GAP,18,05,New Orleans
2136,0.0005000000237487257,GAP,5,03,New Orleans
2137,0.8364999890327454,GAP,20,04,New Orleans
2138,0.0,GAP,15,01,New Orleans
2139,0.0,GAP,5,02,New Orleans
2140,0.0,GAP,15,03,Miami
2141,0.0,PPCA,10,05,Miami
2142,0.0,GAP,20,03,Miami
2143,0.0,GAP,10,05,Miami
2144,0.0,PPCA,15,03,Miami
2145,0.0,PPCA,20,03,Miami
2146,0.0,PPCA,20,01,Miami
2147,0.0,GAP,8,01,Miami
2148,0.0,PPCA,15,04,Miami
2149,0.0,PPCA,5,01,Miami
2150,0.0,GAP,10,02,Miami
2151,0.0,GAP,8,03,Miami
2152,0.0,PPCA,5,03,Miami
2153,0.0,PPCA,20,04,Miami
2154,0.0,PPCA,5,02,Miami
2155,0.0,PPCA,15,01,Miami
2156,0.0,GAP,8,02,Miami
2157,0.0,PPCA,10,02,Miami
2158,0.0,GAP,20,01,Miami
2159,0.0,GAP,15,01,Miami
2160,0.0,GAP,8,04,Miami
2161,0.0,PPCA,5,04,Miami
2162,0.0,GAP,20,04,Miami
2163,0.0,PPCA,5,05,Miami
2164,0.0,GAP,8,05,Miami
2165,0.0,GAP,20,05,Miami
2166,0.0,PPCA,10,03,Miami
2167,0.0,PPCA,8,05,Miami
2168,0.0,GAP,5,05,Miami
2169,0.0,GAP,15,05,Miami
2170,0.0,GAP,5,04,Miami
2171,0.0,PPCA,8,04,Miami
2172,0.0,GAP,5,01,Miami
2173,0.0,PPCA,8,01,Miami
2174,0.0,PPCA,20,05,Miami
2175,0.0,PPCA,8,02,Miami
2176,0.0,GAP,5,02,Miami
2177,0.0,PPCA,15,05,Miami
2178,0.0,GAP,10,03,Miami
2179,0.0,PPCA,8,03,Miami
2180,0.0,PPCA,20,02,Miami
2181,0.0,GAP,10,01,Miami
2182,0.0,GAP,10,04,Miami
2183,0.0,PPCA,15,02,Miami
2184,0.0,PPCA,10,01,Miami
2185,0.0,GAP,20,02,Miami
2186,0.0,GAP,15,02,Miami
2187,0.0,PPCA,10,04,Miami
2188,0.0,PPCA,12,01,Detroit
2189,0.0,GAP,5,01,Detroit
2190,0.0,PPCA,15,01,Detroit
2191,0.0,GAP,20,05,Detroit
2192,0.0,PPCA,20,04,Detroit
2193,0.0,GAP,5,02,Detroit
2194,0.15666666626930237,GAP,15,05,Detroit
2195,0.0,PPCA,15,04,Detroit
2196,0.0,PPCA,12,04,Detroit
2197,0.9959999918937683,GAP,12,05,Detroit
2198,0.0,PPCA,20,01,Detroit
2199,0.0,GAP,5,03,Detroit
2200,0.0,GAP,5,05,Detroit
2201,1.0,GAP,10,03,Detroit
2202,0.0,PPCA,10,02,Detroit
2203,0.10733333230018616,GAP,5,04,Detroit
2204,1.0,GAP,10,01,Detroit
2205,0.0,PPCA,10,05,Detroit
2206,1.0,GAP,10,04,Detroit
2207,0.0,PPCA,20,03,Detroit
2208,0.0,GAP,20,02,Detroit
2209,1.0,GAP,12,02,Detroit
2210,0.0,PPCA,12,03,Detroit
2211,0.0,PPCA,15,03,Detroit
2212,1.0,GAP,15,02,Detroit
2213,1.0,GAP,12,03,Detroit
2214,0.0,PPCA,12,02,Detroit
2215,0.0,PPCA,15,02,Detroit
2216,1.0,GAP,15,03,Detroit
2217,0.0,PPCA,20,02,Detroit
2218,0.0,GAP,20,03,Detroit
2219,0.0,PPCA,10,04,Detroit
2220,0.4506666660308838,GAP,10,05,Detroit
2221,0.0,PPCA,10,01,Detroit
2222,0.9545000195503235,GAP,10,02,Detroit
2223,0.0,PPCA,5,01,Detroit
2224,0.0,PPCA,10,03,Detroit
2225,0.0,PPCA,5,03,Detroit
2226,0.0,PPCA,5,02,Detroit
2227,0.9836666584014893,GAP,15,04,Detroit
2228,0.0,PPCA,15,05,Detroit
2229,0.0,PPCA,12,05,Detroit
2230,1.0,GAP,12,04,Detroit
2231,0.0,GAP,20,01,Detroit
2232,0.0,PPCA,5,04,Detroit
2233,0.890500009059906,GAP,12,01,Detroit
2234,0.9990000128746033,GAP,15,01,Detroit
2235,0.4620000123977661,GAP,20,04,Detroit
2236,0.0,PPCA,5,05,Detroit
2237,0.0,PPCA,20,05,Detroit
2238,0.0,GAP,20,05,Buffalo
2239,0.0,PPCA,20,05,Buffalo
2240,0.0,PPCA,15,05,Buffalo
2241,0.0,GAP,15,05,Buffalo
2242,0.0,PPCA,25,03,Buffalo
2243,0.0,GAP,25,03,Buffalo
2244,0.0,GAP,10,03,Buffalo
2245,0.0,GAP,35,01,Buffalo
2246,0.0,PPCA,10,03,Buffalo
2247,0.0,PPCA,25,04,Buffalo
2248,0.0,GAP,10,01,Buffalo
2249,0.0,PPCA,10,01,Buffalo
2250,0.0,GAP,25,04,Buffalo
2251,0.0,GAP,10,04,Buffalo
2252,0.0,PPCA,25,01,Buffalo
2253,0.0,GAP,25,01,Buffalo
2254,0.0,PPCA,10,04,Buffalo
2255,0.0,GAP,20,02,Buffalo
2256,0.0,PPCA,20,02,Buffalo
2257,0.0,PPCA,15,02,Buffalo
2258,0.0,GAP,15,02,Buffalo
2259,0.0,GAP,5,03,Buffalo
2260,0.0,PPCA,15,03,Buffalo
2261,0.0,GAP,30,01,Buffalo
2262,0.0,GAP,15,03,Buffalo
2263,0.0,GAP,20,03,Buffalo
2264,0.0,PPCA,20,03,Buffalo
2265,0.0,GAP,5,01,Buffalo
2266,0.0,GAP,5,04,Buffalo
2267,0.0,GAP,10,05,Buffalo
2268,0.0,GAP,5,05,Buffalo
2269,0.0,PPCA,10,05,Buffalo
2270,0.0,PPCA,25,05,Buffalo
2271,0.0,GAP,25,05,Buffalo
2272,0.0,PPCA,5,01,Buffalo
2273,0.0,GAP,10,02,Buffalo
2274,0.0,PPCA,10,02,Buffalo
2275,0.0,PPCA,5,02,Buffalo
2276,0.0,PPCA,25,02,Buffalo
2277,0.0,GAP,25,02,Buffalo
2278,0.0,PPCA,5,03,Buffalo
2279,0.0,PPCA,15,04,Buffalo
2280,0.0,GAP,20,01,Buffalo
2281,0.0,PPCA,20,01,Buffalo
2282,0.0,GAP,15,04,Buffalo
2283,0.0,PPCA,5,05,Buffalo
2284,0.0,GAP,20,04,Buffalo
2285,0.0,PPCA,15,01,Buffalo
2286,0.0,GAP,15,01,Buffalo
2287,0.0,PPCA,20,04,Buffalo
2288,0.0,PPCA,5,04,Buffalo
2289,0.0,PPCA,9,04,New England
2290,0.0,PPCA,9,05,New England
2291,0.0,PPCA,15,02,New England
2292,0.7586666941642761,GAP,10,01,New England
2293,0.0,PPCA,20,02,New England
2294,0.41749998927116394,GAP,10,04,New England
2295,0.0,PPCA,9,03,New England
2296,0.0,PPCA,10,04,New England
2297,0.0,PPCA,9,02,New England
2298,0.265666663646698,GAP,20,02,New England
2299,0.0,PPCA,10,01,New England
2300,0.16899999976158142,GAP,15,02,New England
2301,0.0,PPCA,9,01,New England
2302,0.0,PPCA,10,03,New England
2303,0.0,GAP,20,05,New England
2304,0.590666651725769,GAP,9,04,New England
2305,0.014000000432133675,GAP,15,05,New England
2306,0.7693333625793457,GAP,9,05,New England
2307,0.0,PPCA,15,05,New England
2308,0.3113333284854889,GAP,9,01,New England
2309,0.0,GAP,9,03,New England
2310,0.0,PPCA,20,05,New England
2311,0.9863333106040955,GAP,10,03,New England
2312,0.00033333332976326346,GAP,9,02,New England
2313,0.0,PPCA,20,04,New England
2314,0.0,PPCA,15,01,New England
2315,0.5989999771118164,GAP,10,02,New England
2316,0.0,PPCA,5,01,New England
2317,0.0,PPCA,20,01,New England
2318,0.0,PPCA,5,03,New England
2319,0.0,PPCA,15,04,New England
2320,0.0,PPCA,5,02,New England
2321,0.6520000100135803,GAP,15,04,New England
2322,0.8166666626930237,GAP,20,01,New England
2323,0.0,PPCA,10,02,New England
2324,0.2933333218097687,GAP,15,01,New England
2325,0.0,PPCA,5,04,New England
2326,0.0,PPCA,5,05,New England
2327,0.4466666579246521,GAP,20,04,New England
2328,0.3876666724681854,GAP,15,03,New England
2329,0.0,GAP,5,03,New England
2330,0.0,GAP,5,02,New England
2331,0.0,PPCA,10,05,New England
2332,0.0,GAP,5,01,New England
2333,0.0020000000949949026,GAP,20,03,New England
2334,0.0,PPCA,20,03,New England
2335,0.0,GAP,5,04,New England
2336,0.40433332324028015,GAP,5,05,New England
2337,0.0,GAP,10,05,New England
2338,0.0,PPCA,15,03,New England
